family,nlab,err_labelled,err_proxy,bias_labelled,bias_proxy
Classic datasets,25,0.284086,0.0930036,0.233989,-0.000858775
Classic datasets,50,0.225607,0.0967526,0.173909,-0.00363575
Classic datasets,100,0.162696,0.0724061,0.128102,-0.0001886
Classic datasets,200,0.107107,0.0606144,0.0645129,-0.00685132
Classic datasets,400,0.0777577,0.0533411,0.0382166,-0.00197545
US census (round 1),25,0.24148,0.0585418,0.234851,0.0374827
US census (round 1),50,0.175261,0.0469509,0.173293,0.0226298
US census (round 1),100,0.11692,0.0405983,0.11109,0.0133082
US census (round 1),200,0.0759567,0.0372271,0.0620913,0.00864617
US census (round 1),400,0.0533281,0.0299545,0.0344213,-0.000511748
US census (round 2),25,0.266542,0.0559744,0.265077,0.0368763
US census (round 2),50,0.172888,0.0468726,0.17188,0.0248146
US census (round 2),100,0.115507,0.0416244,0.111311,0.0210133
US census (round 2),200,0.0816712,0.036311,0.0721867,0.00693505
US census (round 2),400,0.0453011,0.0369002,0.0350347,0.00229115
