t,arm,eo_red,ci_lo,ci_hi,p,dauc,eo0,harm_rate,n_seeds,family,target
adult-sex,arl,-2.39645,-5.82557,0.72486,0.897063,-0.233594,0.155134,0.2,30,Classic datasets,adult-sex
adult-sex,cluster_rw,28.378,23.6,33.0565,9.31323e-10,-0.388785,0.155134,0,30,Classic datasets,adult-sex
adult-sex,cvar,6.74371,3.78257,9.4704,0.000211993,-0.202872,0.155134,0,30,Classic datasets,adult-sex
adult-sex,jtt,-9.84516,-15.9894,-4.3088,0.998128,-0.656495,0.155134,0.5,30,Classic datasets,adult-sex
adult-sex,oracle,50.6086,46.3643,53.95,9.31323e-10,-0.471173,0.155134,0,30,Classic datasets,adult-sex
adult-sex,proxy_confident n=25,18.2847,3.34999,31.7455,0.00237396,-0.508442,0.155134,0.133333,30,Classic datasets,adult-sex
adult-sex,proxy_confident n=50,19.6532,8.58884,29.8229,0.00181688,-0.595381,0.155134,0.2,30,Classic datasets,adult-sex
adult-sex,proxy_confident n=100,31.0996,21.2632,39.3768,1.73016e-05,-0.571607,0.155134,0.1,30,Classic datasets,adult-sex
adult-sex,proxy_confident n=200,24.8553,16.2018,32.6408,7.98889e-06,-0.50047,0.155134,0.133333,30,Classic datasets,adult-sex
adult-sex,proxy_confident n=400,19.4781,12.6408,26.4478,1.03991e-05,-0.4601,0.155134,0.133333,30,Classic datasets,adult-sex
adult-sex,proxy[random] n=25,32.3107,18.4751,45.0806,0.000115818,-0.46686,0.155134,0.133333,30,Classic datasets,adult-sex
adult-sex,proxy[random] n=50,39.7788,30.6347,48.6257,8.19564e-08,-0.650348,0.155134,0.1,30,Classic datasets,adult-sex
adult-sex,proxy[random] n=100,47.5778,39.2439,55.2667,6.51926e-09,-0.614825,0.155134,0.0333333,30,Classic datasets,adult-sex
adult-sex,proxy[random] n=200,51.0318,46.2769,54.9969,9.31323e-10,-0.536635,0.155134,0,30,Classic datasets,adult-sex
adult-sex,proxy[random] n=400,55.464,51.0046,59.8515,9.31323e-10,-0.518462,0.155134,0,30,Classic datasets,adult-sex
adult-sex,proxy[random_mnar] n=25,28.8408,22.7448,34.3589,1.30385e-08,-0.602522,0.155134,0.0333333,30,Classic datasets,adult-sex
adult-sex,proxy[random_mnar] n=50,17.5264,2.33436,30.511,0.00101009,-0.505787,0.155134,0.1,30,Classic datasets,adult-sex
adult-sex,proxy[random_mnar] n=100,33.385,26.2584,40.2584,6.51926e-09,-0.517098,0.155134,0,30,Classic datasets,adult-sex
adult-sex,proxy[random_mnar] n=200,38.677,31.6759,45.0887,6.51926e-09,-0.573998,0.155134,0.0333333,30,Classic datasets,adult-sex
adult-sex,proxy[random_mnar] n=400,40.0138,34.9292,44.3573,9.31323e-10,-0.575596,0.155134,0,30,Classic datasets,adult-sex
adult-sex,proxy[strat_y] n=25,33.8131,23.2062,42.8218,1.89524e-06,-0.532319,0.155134,0.0666667,30,Classic datasets,adult-sex
adult-sex,proxy[strat_y] n=50,40.2922,30.6153,48.298,2.35625e-07,-0.608626,0.155134,0.0666667,30,Classic datasets,adult-sex
adult-sex,proxy[strat_y] n=100,49.7104,45.3326,53.6007,9.31323e-10,-0.554015,0.155134,0,30,Classic datasets,adult-sex
adult-sex,proxy[strat_y] n=200,53.0272,48.8526,57.0382,9.31323e-10,-0.546649,0.155134,0,30,Classic datasets,adult-sex
adult-sex,proxy[strat_y] n=400,54.8636,51.0515,58.9275,9.31323e-10,-0.513395,0.155134,0,30,Classic datasets,adult-sex
adult-sex,related_feats n=25,8.51677,1.73992,18.2633,0.0231997,-0.156352,0.155134,0,30,Classic datasets,adult-sex
adult-sex,related_feats n=50,5.77436,0.972497,11.2357,0.0339446,-0.108546,0.155134,0,30,Classic datasets,adult-sex
adult-sex,related_feats n=100,5.32691,0,11.2827,0.0544047,-0.094171,0.155134,0,30,Classic datasets,adult-sex
adult-sex,related_feats n=200,7.9594,0.98918,17.5143,0.0339446,-0.154668,0.155134,0,30,Classic datasets,adult-sex
adult-sex,related_feats n=400,7.78707,0,17.6642,0.0544047,-0.129596,0.155134,0,30,Classic datasets,adult-sex
compas-race,arl,5.74651,1.36527,10.7474,0.0349465,-0.121104,0.250055,0.233333,30,Classic datasets,compas-race
compas-race,cluster_rw,3.87322,-0.12911,8.04901,0.0595383,-0.405133,0.250055,0.266667,30,Classic datasets,compas-race
compas-race,cvar,-0.701005,-1.66115,0.240414,0.927924,-0.0362408,0.250055,0.166667,30,Classic datasets,compas-race
compas-race,jtt,-3.995,-7.35486,-0.997072,0.988295,-0.234509,0.250055,0.566667,30,Classic datasets,compas-race
compas-race,oracle,11.393,8.3704,14.4245,3.99987e-06,-0.446971,0.250055,0.0333333,30,Classic datasets,compas-race
compas-race,proxy_confident n=25,6.03709,2.08667,10.5607,0.00459071,-0.407278,0.250055,0.0666667,30,Classic datasets,compas-race
compas-race,proxy_confident n=50,8.1223,4.75605,11.9617,0.000175766,-0.458225,0.250055,0,30,Classic datasets,compas-race
compas-race,proxy_confident n=100,9.78504,5.72486,14.1424,0.000146526,-0.307828,0.250055,0,30,Classic datasets,compas-race
compas-race,proxy_confident n=200,5.02158,1.75148,8.41604,0.00585934,-0.120279,0.250055,0,30,Classic datasets,compas-race
compas-race,proxy_confident n=400,6.56859,2.20423,11.7812,0.00898024,-0.379895,0.250055,0,30,Classic datasets,compas-race
compas-race,proxy[random] n=25,4.61021,1.27678,7.716,0.0110494,-0.627237,0.250055,0.233333,30,Classic datasets,compas-race
compas-race,proxy[random] n=50,4.02165,0.330678,7.69033,0.0852992,-0.674583,0.250055,0.266667,30,Classic datasets,compas-race
compas-race,proxy[random] n=100,9.14283,5.52559,13.1304,4.42825e-05,-0.511528,0.250055,0.0666667,30,Classic datasets,compas-race
compas-race,proxy[random] n=200,7.16516,4.80437,9.63745,2.12624e-05,-0.52112,0.250055,0.0333333,30,Classic datasets,compas-race
compas-race,proxy[random] n=400,11.3118,8.26757,14.3876,1.57394e-07,-0.696571,0.250055,0,30,Classic datasets,compas-race
compas-race,proxy[random_mnar] n=25,5.04823,0.804784,10.2452,0.0354953,-0.733374,0.250055,0.266667,30,Classic datasets,compas-race
compas-race,proxy[random_mnar] n=50,7.90041,3.398,12.7732,0.00477544,-0.812601,0.250055,0.233333,30,Classic datasets,compas-race
compas-race,proxy[random_mnar] n=100,3.68238,0.399638,6.75463,0.0349465,-0.516043,0.250055,0.2,30,Classic datasets,compas-race
compas-race,proxy[random_mnar] n=200,4.91902,2.00613,7.44313,0.0009485,-0.673259,0.250055,0.0333333,30,Classic datasets,compas-race
compas-race,proxy[random_mnar] n=400,6.16469,2.50329,9.93099,0.000616052,-0.498483,0.250055,0.1,30,Classic datasets,compas-race
compas-race,proxy[strat_y] n=25,8.04865,3.18172,12.929,0.00435273,-0.58814,0.250055,0.233333,30,Classic datasets,compas-race
compas-race,proxy[strat_y] n=50,4.77266,1.5819,8.31464,0.00565153,-0.482656,0.250055,0.266667,30,Classic datasets,compas-race
compas-race,proxy[strat_y] n=100,7.87904,3.89725,12.5259,0.00161149,-0.5646,0.250055,0.166667,30,Classic datasets,compas-race
compas-race,proxy[strat_y] n=200,8.30342,4.33803,11.9854,0.000475887,-0.442959,0.250055,0.166667,30,Classic datasets,compas-race
compas-race,proxy[strat_y] n=400,9.01875,4.5799,13.1269,0.000141632,-0.593361,0.250055,0.133333,30,Classic datasets,compas-race
compas-race,related_feats n=25,3.23636,0.600031,5.87198,0.018329,-0.384391,0.250055,0.0666667,30,Classic datasets,compas-race
compas-race,related_feats n=50,1.50442,0.0228558,3.38471,0.0579257,-0.289615,0.250055,0,30,Classic datasets,compas-race
compas-race,related_feats n=100,2.95207,0.458014,5.88093,0.0212612,-0.388899,0.250055,0.0333333,30,Classic datasets,compas-race
compas-race,related_feats n=200,1.79417,-0.410224,4.2296,0.0807147,-0.279995,0.250055,0.1,30,Classic datasets,compas-race
compas-race,related_feats n=400,2.12091,-0.258835,4.75632,0.101311,-0.398056,0.250055,0.0666667,30,Classic datasets,compas-race
compas-sex,arl,0.279316,-3.57886,4.1482,0.475763,0.0595254,0.143994,0.233333,30,Classic datasets,compas-sex
compas-sex,cluster_rw,3.33942,-3.60735,10.181,0.251911,-0.361632,0.143994,0.333333,30,Classic datasets,compas-sex
compas-sex,cvar,1.63904,0.0772724,3.34724,0.0531,-0.0310799,0.143994,0.0666667,30,Classic datasets,compas-sex
compas-sex,jtt,1.99118,-4.63683,8.37649,0.307153,-0.276546,0.143994,0.366667,30,Classic datasets,compas-sex
compas-sex,oracle,10.5729,3.65704,17.264,0.00843879,-0.571288,0.143994,0.133333,30,Classic datasets,compas-sex
compas-sex,proxy_confident n=25,2.24306,-2.76748,9.20156,0.253674,-0.271448,0.143994,0.0666667,30,Classic datasets,compas-sex
compas-sex,proxy_confident n=50,2.60778,0.253415,6.46564,0.0339446,-0.0448707,0.143994,0,30,Classic datasets,compas-sex
compas-sex,proxy_confident n=100,0.0193899,-1.02191,0.91345,0.553631,-0.0670768,0.143994,0.0333333,30,Classic datasets,compas-sex
compas-sex,proxy_confident n=200,1.10927,-0.566397,4.20971,0.5,-0.0464812,0.143994,0,30,Classic datasets,compas-sex
compas-sex,proxy_confident n=400,0.936465,0,2.61387,0.0898562,-0.01562,0.143994,0,30,Classic datasets,compas-sex
compas-sex,proxy[random] n=25,14.174,6.79798,20.7901,0.000475887,-0.682239,0.143994,0.133333,30,Classic datasets,compas-sex
compas-sex,proxy[random] n=50,7.61694,1.40912,13.287,0.00795471,-0.467063,0.143994,0.133333,30,Classic datasets,compas-sex
compas-sex,proxy[random] n=100,4.98198,-0.547006,11.0322,0.0570883,-0.412369,0.143994,0.266667,30,Classic datasets,compas-sex
compas-sex,proxy[random] n=200,12.2109,6.41559,18.531,0.000556731,-0.49762,0.143994,0.133333,30,Classic datasets,compas-sex
compas-sex,proxy[random] n=400,12.1561,5.90483,17.8874,0.000859295,-0.537355,0.143994,0.166667,30,Classic datasets,compas-sex
compas-sex,proxy[random_mnar] n=25,12.3025,5.92872,19.4251,0.000791642,-0.340413,0.143994,0.1,30,Classic datasets,compas-sex
compas-sex,proxy[random_mnar] n=50,8.00702,1.27225,14.9888,0.0165905,-0.598886,0.143994,0.2,30,Classic datasets,compas-sex
compas-sex,proxy[random_mnar] n=100,11.7667,7.32145,16.142,0.000134473,-0.569246,0.143994,0.133333,30,Classic datasets,compas-sex
compas-sex,proxy[random_mnar] n=200,14.2345,9.02549,20.0909,5.74721e-05,-0.528087,0.143994,0.0333333,30,Classic datasets,compas-sex
compas-sex,proxy[random_mnar] n=400,11.8397,5.69833,17.6059,0.000884592,-0.540091,0.143994,0.1,30,Classic datasets,compas-sex
compas-sex,proxy[strat_y] n=25,11.2135,4.58147,17.3435,0.00521813,-0.472422,0.143994,0.166667,30,Classic datasets,compas-sex
compas-sex,proxy[strat_y] n=50,13.7391,8.08816,18.6201,6.86971e-05,-0.672618,0.143994,0.1,30,Classic datasets,compas-sex
compas-sex,proxy[strat_y] n=100,5.74829,-0.50149,12.0102,0.0236295,-0.406663,0.143994,0.133333,30,Classic datasets,compas-sex
compas-sex,proxy[strat_y] n=200,10.0863,4.40302,15.8883,0.00181688,-0.613663,0.143994,0.133333,30,Classic datasets,compas-sex
compas-sex,proxy[strat_y] n=400,9.80536,2.62762,16.2068,0.00216912,-0.458733,0.143994,0.1,30,Classic datasets,compas-sex
compas-sex,related_feats n=25,7.73246,1.69568,14.1973,0.0125309,-0.423253,0.143994,0.0333333,30,Classic datasets,compas-sex
compas-sex,related_feats n=50,4.10649,0.12071,8.58927,0.0454845,-0.219277,0.143994,0.0333333,30,Classic datasets,compas-sex
compas-sex,related_feats n=100,5.15695,0.0984058,10.9605,0.0398079,-0.143027,0.143994,0.0333333,30,Classic datasets,compas-sex
compas-sex,related_feats n=200,2.63857,0.0613223,7.25727,0.0339446,-0.171148,0.143994,0,30,Classic datasets,compas-sex
compas-sex,related_feats n=400,2.86033,0,6.95521,0.0544047,-0.120064,0.143994,0,30,Classic datasets,compas-sex
credit-age,arl,-4.46191,-9.57546,0.498807,0.954025,0.197564,0.167322,0.566667,30,Classic datasets,credit-age
credit-age,cluster_rw,31.0078,24.8543,37.1189,8.66653e-07,-0.560448,0.167322,0,30,Classic datasets,credit-age
credit-age,cvar,-0.888638,-4.09736,1.98276,0.636714,-0.0141675,0.167322,0.2,30,Classic datasets,credit-age
credit-age,jtt,-5.94632,-13.7491,0.483987,0.935323,0.0606851,0.167322,0.466667,30,Classic datasets,credit-age
credit-age,oracle,34.0783,28.6646,39.5684,9.31323e-10,-0.807923,0.167322,0,30,Classic datasets,credit-age
credit-age,proxy_confident n=25,6.28787,1.65995,11.9835,0.0206634,-0.403436,0.167322,0.0666667,30,Classic datasets,credit-age
credit-age,proxy_confident n=50,4.36819,0.831018,8.38737,0.0239949,-0.302071,0.167322,0.0666667,30,Classic datasets,credit-age
credit-age,proxy_confident n=100,1.10642,-3.46401,5.74864,0.222991,-0.288991,0.167322,0.133333,30,Classic datasets,credit-age
credit-age,proxy_confident n=200,1.02045,-0.871531,3.19485,0.318883,-0.146367,0.167322,0.0333333,30,Classic datasets,credit-age
credit-age,proxy_confident n=400,-2.11816,-8.45694,1.06791,0.5,-0.0995572,0.167322,0.0666667,30,Classic datasets,credit-age
credit-age,proxy[random] n=25,14.8577,6.05497,23.6118,0.00385694,-0.695358,0.167322,0.233333,30,Classic datasets,credit-age
credit-age,proxy[random] n=50,17.0356,10.133,23.642,0.000113566,-0.653315,0.167322,0.1,30,Classic datasets,credit-age
credit-age,proxy[random] n=100,19.5562,10.9242,26.6981,8.78459e-05,-0.734515,0.167322,0.1,30,Classic datasets,credit-age
credit-age,proxy[random] n=200,27.7371,22.7691,33.1021,6.51926e-09,-0.752171,0.167322,0.0333333,30,Classic datasets,credit-age
credit-age,proxy[random] n=400,35.6005,30.4992,40.8305,9.31323e-10,-0.988509,0.167322,0,30,Classic datasets,credit-age
credit-age,proxy[random_mnar] n=25,7.93625,0.907348,14.4576,0.0360139,-0.645432,0.167322,0.2,30,Classic datasets,credit-age
credit-age,proxy[random_mnar] n=50,14.3387,7.09988,22.6702,0.00154387,-0.746634,0.167322,0.166667,30,Classic datasets,credit-age
credit-age,proxy[random_mnar] n=100,19.465,12.0704,26.4627,2.20379e-05,-0.770507,0.167322,0.1,30,Classic datasets,credit-age
credit-age,proxy[random_mnar] n=200,20.3487,12.0851,28.5524,9.1223e-06,-0.934482,0.167322,0.0666667,30,Classic datasets,credit-age
credit-age,proxy[random_mnar] n=400,27.6117,20.9269,33.591,1.02445e-07,-0.869307,0.167322,0.0666667,30,Classic datasets,credit-age
credit-age,proxy[strat_y] n=25,14.04,5.4619,21.603,0.00221,-0.690829,0.167322,0.133333,30,Classic datasets,credit-age
credit-age,proxy[strat_y] n=50,14.1447,6.26374,21.733,0.00161149,-0.585796,0.167322,0.233333,30,Classic datasets,credit-age
credit-age,proxy[strat_y] n=100,18.4092,12.7289,23.9009,1.38115e-06,-0.604425,0.167322,0.0333333,30,Classic datasets,credit-age
credit-age,proxy[strat_y] n=200,29.0052,24.0015,34.2368,1.86265e-09,-0.880412,0.167322,0,30,Classic datasets,credit-age
credit-age,proxy[strat_y] n=400,29.3003,23.9243,35.3483,9.31323e-10,-0.906654,0.167322,0,30,Classic datasets,credit-age
credit-age,related_feats n=25,11.6178,2.99618,20.2914,0.00852936,-0.38641,0.167322,0.0666667,30,Classic datasets,credit-age
credit-age,related_feats n=50,8.2993,2.44156,15.8635,0.00345521,-0.388145,0.167322,0,30,Classic datasets,credit-age
credit-age,related_feats n=100,8.85529,2.87067,16.0606,0.00585934,-0.389423,0.167322,0,30,Classic datasets,credit-age
credit-age,related_feats n=200,16.0253,7.26894,25.1373,0.00110886,-0.445314,0.167322,0,30,Classic datasets,credit-age
credit-age,related_feats n=400,12.148,4.8203,20.4128,0.00585934,-0.18267,0.167322,0,30,Classic datasets,credit-age
dutch-sex,arl,6.6458,-0.653579,13.9297,0.126718,-0.215349,0.0484492,0.0666667,30,Classic datasets,dutch-sex
dutch-sex,cluster_rw,-15.5272,-23.7768,-7.92796,0.999938,-0.450865,0.0484492,0.3,30,Classic datasets,dutch-sex
dutch-sex,cvar,3.76823,0.590389,6.90438,0.0292435,-0.0294812,0.0484492,0,30,Classic datasets,dutch-sex
dutch-sex,jtt,-5.17028,-14.2712,2.68896,0.830629,-0.739121,0.0484492,0.266667,30,Classic datasets,dutch-sex
dutch-sex,oracle,18.9917,12.5453,24.6872,7.98889e-06,-0.130247,0.0484492,0.0666667,30,Classic datasets,dutch-sex
dutch-sex,proxy_confident n=25,-13.508,-23.3166,-4.29458,0.996884,-0.579947,0.0484492,0.5,30,Classic datasets,dutch-sex
dutch-sex,proxy_confident n=50,-6.58351,-14.0331,1.39211,0.963378,-0.577791,0.0484492,0.266667,30,Classic datasets,dutch-sex
dutch-sex,proxy_confident n=100,-4.56849,-15.2919,6.93484,0.820061,-0.596552,0.0484492,0.366667,30,Classic datasets,dutch-sex
dutch-sex,proxy_confident n=200,-26.088,-44.6535,-7.72902,0.995929,-0.80051,0.0484492,0.566667,30,Classic datasets,dutch-sex
dutch-sex,proxy_confident n=400,-21.174,-34.9862,-8.61021,0.99668,-0.691565,0.0484492,0.466667,30,Classic datasets,dutch-sex
dutch-sex,proxy[random] n=25,-11.0731,-19.8844,-2.24555,0.990735,-0.484714,0.0484492,0.4,30,Classic datasets,dutch-sex
dutch-sex,proxy[random] n=50,-6.41016,-14.4452,0.948324,0.98154,-0.46483,0.0484492,0.166667,30,Classic datasets,dutch-sex
dutch-sex,proxy[random] n=100,-5.02707,-16.9654,6.7133,0.786023,-0.560507,0.0484492,0.266667,30,Classic datasets,dutch-sex
dutch-sex,proxy[random] n=200,-22.2076,-40.3189,-4.02619,0.988951,-0.725606,0.0484492,0.566667,30,Classic datasets,dutch-sex
dutch-sex,proxy[random] n=400,-26.2638,-41.6583,-11.8619,0.999635,-0.667263,0.0484492,0.566667,30,Classic datasets,dutch-sex
dutch-sex,proxy[random_mnar] n=25,-9.73369,-18.4163,-1.3525,0.988733,-0.475707,0.0484492,0.3,30,Classic datasets,dutch-sex
dutch-sex,proxy[random_mnar] n=50,-7.42767,-18.3895,3.39568,0.830629,-0.491029,0.0484492,0.333333,30,Classic datasets,dutch-sex
dutch-sex,proxy[random_mnar] n=100,-9.01822,-21.9084,3.38073,0.81463,-0.495893,0.0484492,0.333333,30,Classic datasets,dutch-sex
dutch-sex,proxy[random_mnar] n=200,-4.05433,-15.1913,7.21276,0.742076,-0.641795,0.0484492,0.433333,30,Classic datasets,dutch-sex
dutch-sex,proxy[random_mnar] n=400,-24.0133,-38.4459,-10.0645,0.99899,-0.657219,0.0484492,0.533333,30,Classic datasets,dutch-sex
dutch-sex,proxy[strat_y] n=25,-7.09718,-13.8199,-0.910452,0.980791,-0.44947,0.0484492,0.2,30,Classic datasets,dutch-sex
dutch-sex,proxy[strat_y] n=50,-6.73422,-17.1656,4.32915,0.825394,-0.644114,0.0484492,0.366667,30,Classic datasets,dutch-sex
dutch-sex,proxy[strat_y] n=100,-13.0304,-23.1881,-3.31838,0.988951,-0.542739,0.0484492,0.433333,30,Classic datasets,dutch-sex
dutch-sex,proxy[strat_y] n=200,-21.9303,-38.0407,-5.9548,0.995349,-0.651034,0.0484492,0.566667,30,Classic datasets,dutch-sex
dutch-sex,proxy[strat_y] n=400,-33.4788,-47.6422,-19.2548,0.99998,-0.700399,0.0484492,0.6,30,Classic datasets,dutch-sex
dutch-sex,related_feats n=25,-2.22629,-8.60938,3.36692,0.749276,-0.415891,0.0484492,0.166667,30,Classic datasets,dutch-sex
dutch-sex,related_feats n=50,-5.16332,-11.5964,0.945349,0.943611,-0.371416,0.0484492,0.133333,30,Classic datasets,dutch-sex
dutch-sex,related_feats n=100,-1.57723,-9.54673,5.9008,0.680547,-0.470161,0.0484492,0.133333,30,Classic datasets,dutch-sex
dutch-sex,related_feats n=200,-2.41057,-12.186,6.34934,0.70691,-0.398143,0.0484492,0.133333,30,Classic datasets,dutch-sex
dutch-sex,related_feats n=400,1.00506,-7.6605,8.08337,0.28503,-0.335725,0.0484492,0.133333,30,Classic datasets,dutch-sex
german-age,arl,-2.38903,-13.1638,8.99194,0.661682,-1.08148,0.174905,0.433333,30,Classic datasets,german-age
german-age,cluster_rw,9.82088,0.941583,17.3734,0.00762026,-0.82381,0.174905,0.233333,30,Classic datasets,german-age
german-age,cvar,0.202994,-9.0475,8.80841,0.617917,-0.169665,0.174905,0.333333,30,Classic datasets,german-age
german-age,jtt,3.2861,-6.86122,12.8548,0.172877,-1.32275,0.174905,0.3,30,Classic datasets,german-age
german-age,oracle,1.94536,-10.85,12.9882,0.175248,-0.573721,0.174905,0.3,30,Classic datasets,german-age
german-age,proxy_confident n=25,-1.82564,-6.43676,2.51465,0.827276,0.0215168,0.174905,0.133333,30,Classic datasets,german-age
german-age,proxy_confident n=50,9.33892,2.29199,16.7961,0.0221168,-0.310406,0.174905,0.133333,30,Classic datasets,german-age
german-age,proxy_confident n=100,0.0224557,-7.22183,6.03745,0.364913,-0.161376,0.174905,0.133333,30,Classic datasets,german-age
german-age,proxy[random] n=25,9.77912,-1.04006,19.9287,0.0356999,-0.527337,0.174905,0.233333,30,Classic datasets,german-age
german-age,proxy[random] n=50,3.04479,-5.67925,10.5565,0.183682,-0.518871,0.174905,0.3,30,Classic datasets,german-age
german-age,proxy[random] n=100,7.55243,-3.95475,16.3748,0.0289181,-0.270899,0.174905,0.2,30,Classic datasets,german-age
german-age,proxy[random_mnar] n=25,8.18095,0.632347,15.9691,0.0356569,-0.216755,0.174905,0.233333,30,Classic datasets,german-age
german-age,proxy[random_mnar] n=50,-0.837758,-14.4106,11.4238,0.420036,-0.470899,0.174905,0.366667,30,Classic datasets,german-age
german-age,proxy[random_mnar] n=100,8.1534,-6.5763,19.8072,0.0348274,-0.470547,0.174905,0.266667,30,Classic datasets,german-age
german-age,proxy[strat_y] n=25,8.60859,-0.162911,17.8907,0.0849828,-0.367372,0.174905,0.333333,30,Classic datasets,german-age
german-age,proxy[strat_y] n=50,3.20218,-9.57192,14.3684,0.198329,-0.180952,0.174905,0.266667,30,Classic datasets,german-age
german-age,proxy[strat_y] n=100,-1.66374,-13.3861,8.65318,0.494933,-0.361552,0.174905,0.4,30,Classic datasets,german-age
german-age,related_feats n=25,7.93921,-5.69768,19.1467,0.0584438,-1.08113,0.174905,0.233333,30,Classic datasets,german-age
german-age,related_feats n=50,11.1118,0.879852,21.1901,0.0193035,-0.796825,0.174905,0.133333,30,Classic datasets,german-age
german-age,related_feats n=100,0.830255,-14.8419,16.6226,0.392144,-0.902998,0.174905,0.266667,30,Classic datasets,german-age
law-race,arl,3.48533,2.41572,4.41513,1.29777e-05,-0.0664286,0.391406,0.0333333,30,Classic datasets,law-race
law-race,cluster_rw,0.768092,-1.31633,2.73982,0.202368,-0.187681,0.391406,0.366667,30,Classic datasets,law-race
law-race,cvar,1.17903,0.0709467,2.30605,0.0549628,-0.0129811,0.391406,0.0666667,30,Classic datasets,law-race
law-race,jtt,17.8081,14.882,20.8695,8.66653e-07,-0.662058,0.391406,0,30,Classic datasets,law-race
law-race,oracle,31.6972,26.4995,37.8289,9.31323e-10,-0.624226,0.391406,0,30,Classic datasets,law-race
law-race,proxy_confident n=25,2.7501,0.036534,6.46309,0.046446,-0.202327,0.391406,0.0666667,30,Classic datasets,law-race
law-race,proxy_confident n=50,2.19715,-1.07867,6.30649,0.232604,-0.0905794,0.391406,0.0333333,30,Classic datasets,law-race
law-race,proxy_confident n=100,7.30576,2.09241,14.1275,0.0215572,-0.191686,0.391406,0,30,Classic datasets,law-race
law-race,proxy_confident n=200,6.03784,0,12.9724,0.0544047,-0.133536,0.391406,0,30,Classic datasets,law-race
law-race,proxy_confident n=400,0,0,0,1,0,0.391406,0,30,Classic datasets,law-race
law-race,proxy[random] n=25,17.683,12.1016,24.1024,1.57414e-05,-0.663712,0.391406,0.133333,30,Classic datasets,law-race
law-race,proxy[random] n=50,22.3066,16.1744,29.3297,1.27591e-07,-0.722255,0.391406,0.1,30,Classic datasets,law-race
law-race,proxy[random] n=100,29.8512,24.7372,34.9415,1.27982e-06,-0.753096,0.391406,0,30,Classic datasets,law-race
law-race,proxy[random] n=200,28.4943,23.862,33.4744,9.31323e-10,-0.607415,0.391406,0,30,Classic datasets,law-race
law-race,proxy[random] n=400,30.8893,26.2176,36.2328,9.31323e-10,-0.662013,0.391406,0,30,Classic datasets,law-race
law-race,proxy[random_mnar] n=25,15.4692,9.68238,21.5331,2.32417e-05,-0.592843,0.391406,0.133333,30,Classic datasets,law-race
law-race,proxy[random_mnar] n=50,20.2204,14.8781,25.9231,6.14019e-06,-0.700652,0.391406,0.0666667,30,Classic datasets,law-race
law-race,proxy[random_mnar] n=100,24.0447,18.7317,30.2226,4.6693e-06,-0.653651,0.391406,0.0333333,30,Classic datasets,law-race
law-race,proxy[random_mnar] n=200,24.7188,18.6502,31.2434,3.51403e-06,-0.64725,0.391406,0.0333333,30,Classic datasets,law-race
law-race,proxy[random_mnar] n=400,31.817,26.2735,37.4557,1.89481e-06,-0.769954,0.391406,0,30,Classic datasets,law-race
law-race,proxy[strat_y] n=25,18.9527,14.0191,23.6555,1.75748e-06,-0.664718,0.391406,0,30,Classic datasets,law-race
law-race,proxy[strat_y] n=50,19.4188,13.7934,24.9742,6.85282e-06,-0.557008,0.391406,0.0666667,30,Classic datasets,law-race
law-race,proxy[strat_y] n=100,30.157,25.8246,35.4378,9.31323e-10,-0.670669,0.391406,0,30,Classic datasets,law-race
law-race,proxy[strat_y] n=200,30.4228,25.7637,35.2488,9.31323e-10,-0.71221,0.391406,0,30,Classic datasets,law-race
law-race,proxy[strat_y] n=400,32.6037,27.6515,37.9065,8.66653e-07,-0.709979,0.391406,0,30,Classic datasets,law-race
law-race,related_feats n=25,3.44662,1.25879,6.15387,0.00438732,-0.350967,0.391406,0.0666667,30,Classic datasets,law-race
law-race,related_feats n=50,3.19637,0.485799,6.17196,0.025205,-0.286258,0.391406,0.0333333,30,Classic datasets,law-race
law-race,related_feats n=100,3.01835,0.397165,6.46315,0.0339446,-0.162586,0.391406,0,30,Classic datasets,law-race
law-race,related_feats n=200,2.50052,0.612038,5.05728,0.0215572,-0.152478,0.391406,0,30,Classic datasets,law-race
law-race,related_feats n=400,2.71409,0.771159,5.0752,0.0138539,-0.195495,0.391406,0,30,Classic datasets,law-race
oulad-disability,arl,0.0306405,-4.03642,4.19828,0.490916,-0.28873,0.110801,0.2,30,Classic datasets,oulad-disability
oulad-disability,cluster_rw,-3.59894,-10.4786,3.41842,0.779745,-0.375177,0.110801,0.333333,30,Classic datasets,oulad-disability
oulad-disability,cvar,-0.404304,-2.94778,2.17989,0.580909,-0.000375529,0.110801,0.0666667,30,Classic datasets,oulad-disability
oulad-disability,jtt,-12.1738,-19.0631,-5.92093,0.99911,-0.689009,0.110801,0.633333,30,Classic datasets,oulad-disability
oulad-disability,oracle,31.6051,23.6179,39.5265,1.42445e-06,-0.658895,0.110801,0,30,Classic datasets,oulad-disability
oulad-disability,proxy_confident n=25,1.4201,-0.601376,3.8146,0.131309,-0.083051,0.110801,0.0333333,30,Classic datasets,oulad-disability
oulad-disability,proxy_confident n=50,-0.0634109,-3.21625,3.17189,0.476383,-0.095532,0.110801,0.1,30,Classic datasets,oulad-disability
oulad-disability,proxy_confident n=100,3.28429,-0.788015,8.34071,0.238453,-0.264184,0.110801,0.0333333,30,Classic datasets,oulad-disability
oulad-disability,proxy_confident n=200,1.2609,-1.42907,4.65425,0.287702,-0.148986,0.110801,0.0333333,30,Classic datasets,oulad-disability
oulad-disability,proxy_confident n=400,0,0,0,1,-1.65327e-05,0.110801,0,30,Classic datasets,oulad-disability
oulad-disability,proxy[random] n=25,1.78228,-3.46687,6.93034,0.33509,-0.33698,0.110801,0.2,30,Classic datasets,oulad-disability
oulad-disability,proxy[random] n=50,-5.40016,-9.53489,-1.26908,0.988295,-0.319031,0.110801,0.366667,30,Classic datasets,oulad-disability
oulad-disability,proxy[random] n=100,2.148,-4.20245,8.39486,0.367159,-0.5491,0.110801,0.166667,30,Classic datasets,oulad-disability
oulad-disability,proxy[random] n=200,0.690067,-5.51848,6.58635,0.508083,-0.381949,0.110801,0.233333,30,Classic datasets,oulad-disability
oulad-disability,proxy[random] n=400,10.2357,5.29674,14.9364,0.000172479,-0.613487,0.110801,0.1,30,Classic datasets,oulad-disability
oulad-disability,proxy[random_mnar] n=25,-1.961,-7.55307,4.67007,0.78606,-0.279933,0.110801,0.366667,30,Classic datasets,oulad-disability
oulad-disability,proxy[random_mnar] n=50,-0.496905,-5.78821,4.88004,0.663361,-0.373729,0.110801,0.266667,30,Classic datasets,oulad-disability
oulad-disability,proxy[random_mnar] n=100,0.560125,-7.02659,8.37794,0.614824,-0.439968,0.110801,0.333333,30,Classic datasets,oulad-disability
oulad-disability,proxy[random_mnar] n=200,2.21281,-2.86706,6.7366,0.205622,-0.480184,0.110801,0.233333,30,Classic datasets,oulad-disability
oulad-disability,proxy[random_mnar] n=400,-0.0508162,-7.12036,6.77837,0.380533,-0.480136,0.110801,0.3,30,Classic datasets,oulad-disability
oulad-disability,proxy[strat_y] n=25,-2.7331,-10.2312,4.19425,0.598191,-0.390213,0.110801,0.266667,30,Classic datasets,oulad-disability
oulad-disability,proxy[strat_y] n=50,1.65119,-3.93864,7.18254,0.284929,-0.449191,0.110801,0.233333,30,Classic datasets,oulad-disability
oulad-disability,proxy[strat_y] n=100,-4.64664,-9.81104,0.550362,0.939244,-0.416921,0.110801,0.3,30,Classic datasets,oulad-disability
oulad-disability,proxy[strat_y] n=200,2.1466,-4.31107,8.08768,0.223314,-0.424804,0.110801,0.266667,30,Classic datasets,oulad-disability
oulad-disability,proxy[strat_y] n=400,6.85105,-0.644445,14.2696,0.0512817,-0.565948,0.110801,0.266667,30,Classic datasets,oulad-disability
oulad-disability,related_feats n=25,-1.3676,-5.09134,2.46249,0.732537,-0.41863,0.110801,0.166667,30,Classic datasets,oulad-disability
oulad-disability,related_feats n=50,-0.40267,-7.97713,6.10677,0.441176,-0.822545,0.110801,0.266667,30,Classic datasets,oulad-disability
oulad-disability,related_feats n=100,-0.0544673,-7.78978,6.5882,0.451954,-0.515848,0.110801,0.233333,30,Classic datasets,oulad-disability
oulad-disability,related_feats n=200,-3.75819,-11.925,3.52661,0.655422,-0.684973,0.110801,0.266667,30,Classic datasets,oulad-disability
oulad-disability,related_feats n=400,3.77421,-0.65331,8.00914,0.0583322,-0.428139,0.110801,0.0333333,30,Classic datasets,oulad-disability
acs_CA_2018_ACSIncome-race,arl,-15.8337,-23.6864,-9.07244,0.99998,-0.246242,0.0560446,0.5,30,US census (round 1),CA_2018 income-race
acs_CA_2018_ACSIncome-race,cluster_rw,17.995,12.296,23.1191,1.1744e-06,-0.547278,0.0560446,0.0333333,30,US census (round 1),CA_2018 income-race
acs_CA_2018_ACSIncome-race,cvar,-1.09033,-4.65905,2.57947,0.639373,-0.117808,0.0560446,0.1,30,US census (round 1),CA_2018 income-race
acs_CA_2018_ACSIncome-race,jtt,-28.7174,-37.0775,-21.6035,1,-0.547497,0.0560446,0.666667,30,US census (round 1),CA_2018 income-race
acs_CA_2018_ACSIncome-race,oracle,55.6679,48.5863,63.0506,9.31323e-10,-0.198258,0.0560446,0,30,US census (round 1),CA_2018 income-race
acs_CA_2018_ACSIncome-race,proxy_confident n=25,3.07668,-9.09528,14.7661,0.328783,-0.510735,0.0560446,0.233333,30,US census (round 1),CA_2018 income-race
acs_CA_2018_ACSIncome-race,proxy_confident n=50,7.86843,-5.30706,20.7484,0.162593,-0.40181,0.0560446,0.233333,30,US census (round 1),CA_2018 income-race
acs_CA_2018_ACSIncome-race,proxy_confident n=100,1.08153,-11.2268,12.4511,0.39608,-0.428777,0.0560446,0.266667,30,US census (round 1),CA_2018 income-race
acs_CA_2018_ACSIncome-race,proxy_confident n=200,7.76623,-1.35057,17.253,0.0848585,-0.318101,0.0560446,0.233333,30,US census (round 1),CA_2018 income-race
acs_CA_2018_ACSIncome-race,proxy_confident n=400,16.8921,8.94528,25.5433,0.00110786,-0.383973,0.0560446,0.133333,30,US census (round 1),CA_2018 income-race
acs_CA_2018_ACSIncome-race,proxy[random] n=25,7.39094,-6.00661,19.2079,0.169371,-0.468516,0.0560446,0.266667,30,US census (round 1),CA_2018 income-race
acs_CA_2018_ACSIncome-race,proxy[random] n=50,12.6557,-1.68571,26.7711,0.0480508,-0.435227,0.0560446,0.166667,30,US census (round 1),CA_2018 income-race
acs_CA_2018_ACSIncome-race,proxy[random] n=100,10.7828,-1.75339,22.9838,0.0359479,-0.407318,0.0560446,0.166667,30,US census (round 1),CA_2018 income-race
acs_CA_2018_ACSIncome-race,proxy[random] n=200,18.9693,9.95926,28.6295,0.000859295,-0.386219,0.0560446,0.1,30,US census (round 1),CA_2018 income-race
acs_CA_2018_ACSIncome-race,proxy[random] n=400,36.3547,29.4691,43.7308,1.30385e-08,-0.364533,0.0560446,0,30,US census (round 1),CA_2018 income-race
acs_CA_2018_ACSIncome-race,proxy[random_mnar] n=25,-3.62398,-15.823,7.99509,0.672281,-0.420045,0.0560446,0.333333,30,US census (round 1),CA_2018 income-race
acs_CA_2018_ACSIncome-race,proxy[random_mnar] n=50,3.66192,-10.2,17.6674,0.238553,-0.42668,0.0560446,0.266667,30,US census (round 1),CA_2018 income-race
acs_CA_2018_ACSIncome-race,proxy[random_mnar] n=100,-0.0181717,-8.01565,7.53764,0.443597,-0.210475,0.0560446,0.2,30,US census (round 1),CA_2018 income-race
acs_CA_2018_ACSIncome-race,proxy[random_mnar] n=200,9.36137,-0.834612,18.7867,0.0673675,-0.272871,0.0560446,0.133333,30,US census (round 1),CA_2018 income-race
acs_CA_2018_ACSIncome-race,proxy[random_mnar] n=400,18.6383,10.6908,28.3832,0.000304204,-0.169299,0.0560446,0.0666667,30,US census (round 1),CA_2018 income-race
acs_CA_2018_ACSIncome-race,proxy[strat_y] n=25,-1.22157,-16.3945,12.0999,0.403915,-0.548478,0.0560446,0.3,30,US census (round 1),CA_2018 income-race
acs_CA_2018_ACSIncome-race,proxy[strat_y] n=50,0.148079,-14.2421,11.6916,0.411788,-0.388497,0.0560446,0.266667,30,US census (round 1),CA_2018 income-race
acs_CA_2018_ACSIncome-race,proxy[strat_y] n=100,15.9712,2.04876,28.9594,0.00640812,-0.408307,0.0560446,0.133333,30,US census (round 1),CA_2018 income-race
acs_CA_2018_ACSIncome-race,proxy[strat_y] n=200,18.7009,7.45579,29.1697,0.00640694,-0.371284,0.0560446,0.233333,30,US census (round 1),CA_2018 income-race
acs_CA_2018_ACSIncome-race,proxy[strat_y] n=400,25.6637,18.0871,32.9175,1.61957e-06,-0.418959,0.0560446,0.0333333,30,US census (round 1),CA_2018 income-race
acs_CA_2018_ACSIncome-race,related_feats n=25,-16.1166,-26.3441,-8.08036,0.999489,-0.525239,0.0560446,0.433333,30,US census (round 1),CA_2018 income-race
acs_CA_2018_ACSIncome-race,related_feats n=50,-9.47339,-20.501,-0.218413,0.945201,-0.613858,0.0560446,0.3,30,US census (round 1),CA_2018 income-race
acs_CA_2018_ACSIncome-race,related_feats n=100,-12.0645,-20.6413,-5.25356,0.997135,-0.664048,0.0560446,0.433333,30,US census (round 1),CA_2018 income-race
acs_CA_2018_ACSIncome-race,related_feats n=200,-5.77753,-13.74,2.07686,0.877249,-0.721949,0.0560446,0.266667,30,US census (round 1),CA_2018 income-race
acs_CA_2018_ACSIncome-race,related_feats n=400,-4.53036,-14.0807,3.90596,0.786068,-0.703336,0.0560446,0.266667,30,US census (round 1),CA_2018 income-race
acs_FL_2018_ACSIncome-race,arl,-7.09047,-12.3997,-2.47433,0.996888,-0.24069,0.10762,0.4,30,US census (round 1),FL_2018 income-race
acs_FL_2018_ACSIncome-race,cluster_rw,11.9126,6.77591,16.6466,3.14331e-05,-0.505836,0.10762,0.0666667,30,US census (round 1),FL_2018 income-race
acs_FL_2018_ACSIncome-race,cvar,2.08422,-1.55544,5.83849,0.0906035,-0.0594023,0.10762,0.133333,30,US census (round 1),FL_2018 income-race
acs_FL_2018_ACSIncome-race,jtt,13.1713,6.18036,20.5313,0.00101009,-0.655582,0.10762,0.166667,30,US census (round 1),FL_2018 income-race
acs_FL_2018_ACSIncome-race,oracle,58.3083,49.9668,66.6489,1.86265e-09,-0.596597,0.10762,0.0333333,30,US census (round 1),FL_2018 income-race
acs_FL_2018_ACSIncome-race,proxy_confident n=25,5.35203,0.733291,10.4296,0.0320927,-0.323633,0.10762,0.1,30,US census (round 1),FL_2018 income-race
acs_FL_2018_ACSIncome-race,proxy_confident n=50,14.1581,7.30799,21.4581,0.000447074,-0.486104,0.10762,0.1,30,US census (round 1),FL_2018 income-race
acs_FL_2018_ACSIncome-race,proxy_confident n=100,17.2629,8.80792,24.9408,0.000796123,-0.393932,0.10762,0.1,30,US census (round 1),FL_2018 income-race
acs_FL_2018_ACSIncome-race,proxy_confident n=200,12.5421,2.79213,22.4905,0.0203458,-0.379892,0.10762,0.233333,30,US census (round 1),FL_2018 income-race
acs_FL_2018_ACSIncome-race,proxy_confident n=400,18.3405,12.8753,24.8583,5.96952e-06,-0.279555,0.10762,0,30,US census (round 1),FL_2018 income-race
acs_FL_2018_ACSIncome-race,proxy[random] n=25,5.33016,-3.83651,14.4519,0.106466,-0.499807,0.10762,0.233333,30,US census (round 1),FL_2018 income-race
acs_FL_2018_ACSIncome-race,proxy[random] n=50,20.0332,12.0874,29.4972,4.15053e-05,-0.480312,0.10762,0.0666667,30,US census (round 1),FL_2018 income-race
acs_FL_2018_ACSIncome-race,proxy[random] n=100,23.3821,14.0364,31.4943,6.16685e-05,-0.520872,0.10762,0.166667,30,US census (round 1),FL_2018 income-race
acs_FL_2018_ACSIncome-race,proxy[random] n=200,26.5495,15.3828,37.0656,1.72658e-05,-0.502283,0.10762,0.0666667,30,US census (round 1),FL_2018 income-race
acs_FL_2018_ACSIncome-race,proxy[random] n=400,39.1519,31.6745,46.5138,9.31323e-10,-0.557992,0.10762,0,30,US census (round 1),FL_2018 income-race
acs_FL_2018_ACSIncome-race,proxy[random_mnar] n=25,4.09398,-1.60329,10.7789,0.234417,-0.557011,0.10762,0.266667,30,US census (round 1),FL_2018 income-race
acs_FL_2018_ACSIncome-race,proxy[random_mnar] n=50,3.56096,-2.61015,10.2416,0.221355,-0.518793,0.10762,0.233333,30,US census (round 1),FL_2018 income-race
acs_FL_2018_ACSIncome-race,proxy[random_mnar] n=100,12.3946,4.04775,20.2325,0.00212439,-0.451305,0.10762,0.133333,30,US census (round 1),FL_2018 income-race
acs_FL_2018_ACSIncome-race,proxy[random_mnar] n=200,20.7883,13.4767,28.1837,2.98675e-06,-0.534971,0.10762,0.1,30,US census (round 1),FL_2018 income-race
acs_FL_2018_ACSIncome-race,proxy[random_mnar] n=400,26.1085,16.219,35.6859,2.42789e-05,-0.40059,0.10762,0.0333333,30,US census (round 1),FL_2018 income-race
acs_FL_2018_ACSIncome-race,proxy[strat_y] n=25,9.40257,1.37201,17.0887,0.0138707,-0.381866,0.10762,0.166667,30,US census (round 1),FL_2018 income-race
acs_FL_2018_ACSIncome-race,proxy[strat_y] n=50,18.233,8.50742,27.7456,0.00118375,-0.578921,0.10762,0.2,30,US census (round 1),FL_2018 income-race
acs_FL_2018_ACSIncome-race,proxy[strat_y] n=100,31.0225,22.9577,38.8402,1.02445e-07,-0.557423,0.10762,0.0666667,30,US census (round 1),FL_2018 income-race
acs_FL_2018_ACSIncome-race,proxy[strat_y] n=200,31.7741,22.5229,41.1562,4.65277e-06,-0.587501,0.10762,0.0333333,30,US census (round 1),FL_2018 income-race
acs_FL_2018_ACSIncome-race,proxy[strat_y] n=400,43.2557,35.1708,52.2338,1.86265e-09,-0.605035,0.10762,0,30,US census (round 1),FL_2018 income-race
acs_FL_2018_ACSIncome-race,related_feats n=25,1.1532,-8.54945,11.6256,0.281464,-0.659321,0.10762,0.233333,30,US census (round 1),FL_2018 income-race
acs_FL_2018_ACSIncome-race,related_feats n=50,7.00288,-1.59256,15.3231,0.0817343,-0.692831,0.10762,0.233333,30,US census (round 1),FL_2018 income-race
acs_FL_2018_ACSIncome-race,related_feats n=100,6.71982,-0.718423,14.0701,0.100601,-0.576133,0.10762,0.166667,30,US census (round 1),FL_2018 income-race
acs_FL_2018_ACSIncome-race,related_feats n=200,9.19763,0.58239,18.783,0.0459254,-0.708781,0.10762,0.2,30,US census (round 1),FL_2018 income-race
acs_FL_2018_ACSIncome-race,related_feats n=400,10.7164,5.04135,16.535,0.00142131,-0.668267,0.10762,0.0666667,30,US census (round 1),FL_2018 income-race
acs_NY_2018_ACSIncome-sex,arl,-20.5195,-43.025,-1.70191,0.975145,-0.339371,0.0223689,0.3,30,US census (round 1),NY_2018 income-sex
acs_NY_2018_ACSIncome-sex,cluster_rw,-17.7881,-41.4681,2.89932,0.937933,-0.463735,0.0223689,0.3,30,US census (round 1),NY_2018 income-sex
acs_NY_2018_ACSIncome-sex,cvar,-8.47907,-18.5348,0.599616,0.957197,-0.0812376,0.0223689,0.1,30,US census (round 1),NY_2018 income-sex
acs_NY_2018_ACSIncome-sex,jtt,-10.3567,-32.1852,7.80047,0.820949,-0.603102,0.0223689,0.233333,30,US census (round 1),NY_2018 income-sex
acs_NY_2018_ACSIncome-sex,oracle,-18.6794,-30.9789,-6.52669,0.99897,-0.0257183,0.0223689,0.166667,30,US census (round 1),NY_2018 income-sex
acs_NY_2018_ACSIncome-sex,proxy_confident n=25,-39.6597,-77.9972,-11.8649,0.98739,-0.58513,0.0223689,0.433333,30,US census (round 1),NY_2018 income-sex
acs_NY_2018_ACSIncome-sex,proxy_confident n=50,-76.0531,-115.473,-45.3103,0.999987,-0.514018,0.0223689,0.566667,30,US census (round 1),NY_2018 income-sex
acs_NY_2018_ACSIncome-sex,proxy_confident n=100,-62.4009,-93.4768,-34.8177,0.999844,-0.370392,0.0223689,0.633333,30,US census (round 1),NY_2018 income-sex
acs_NY_2018_ACSIncome-sex,proxy_confident n=200,-85.0684,-114.475,-55.1877,0.99999,-0.33628,0.0223689,0.666667,30,US census (round 1),NY_2018 income-sex
acs_NY_2018_ACSIncome-sex,proxy_confident n=400,-107.794,-149.366,-69.5754,0.999998,-0.245546,0.0223689,0.7,30,US census (round 1),NY_2018 income-sex
acs_NY_2018_ACSIncome-sex,proxy[random] n=25,-55.5135,-94.4231,-24.2559,0.999524,-0.595203,0.0223689,0.533333,30,US census (round 1),NY_2018 income-sex
acs_NY_2018_ACSIncome-sex,proxy[random] n=50,-65.0551,-99.8356,-38.5154,0.999995,-0.399166,0.0223689,0.466667,30,US census (round 1),NY_2018 income-sex
acs_NY_2018_ACSIncome-sex,proxy[random] n=100,-58.218,-88.6701,-30.0057,0.999524,-0.308997,0.0223689,0.5,30,US census (round 1),NY_2018 income-sex
acs_NY_2018_ACSIncome-sex,proxy[random] n=200,-89.3963,-121.893,-55.1066,0.999943,-0.298674,0.0223689,0.633333,30,US census (round 1),NY_2018 income-sex
acs_NY_2018_ACSIncome-sex,proxy[random] n=400,-94.4301,-134.901,-58.5992,0.999983,-0.161361,0.0223689,0.633333,30,US census (round 1),NY_2018 income-sex
acs_NY_2018_ACSIncome-sex,proxy[random_mnar] n=25,-41.514,-89.3489,-5.7416,0.982732,-0.529159,0.0223689,0.466667,30,US census (round 1),NY_2018 income-sex
acs_NY_2018_ACSIncome-sex,proxy[random_mnar] n=50,-52.0592,-94.4153,-19.3558,0.997984,-0.46995,0.0223689,0.466667,30,US census (round 1),NY_2018 income-sex
acs_NY_2018_ACSIncome-sex,proxy[random_mnar] n=100,-59.3849,-93.6486,-30.2398,0.999271,-0.356087,0.0223689,0.4,30,US census (round 1),NY_2018 income-sex
acs_NY_2018_ACSIncome-sex,proxy[random_mnar] n=200,-55.4193,-84.2421,-32.3731,0.999985,-0.281314,0.0223689,0.466667,30,US census (round 1),NY_2018 income-sex
acs_NY_2018_ACSIncome-sex,proxy[random_mnar] n=400,-112.439,-176.374,-65.9889,0.999997,-0.284544,0.0223689,0.666667,30,US census (round 1),NY_2018 income-sex
acs_NY_2018_ACSIncome-sex,proxy[strat_y] n=25,-38.4302,-71.0927,-8.69851,0.989575,-0.53621,0.0223689,0.4,30,US census (round 1),NY_2018 income-sex
acs_NY_2018_ACSIncome-sex,proxy[strat_y] n=50,-43.7275,-76.9851,-18.0748,0.998617,-0.51677,0.0223689,0.466667,30,US census (round 1),NY_2018 income-sex
acs_NY_2018_ACSIncome-sex,proxy[strat_y] n=100,-54.2815,-89.0974,-25.6751,0.998262,-0.211273,0.0223689,0.466667,30,US census (round 1),NY_2018 income-sex
acs_NY_2018_ACSIncome-sex,proxy[strat_y] n=200,-50.6516,-93.7829,-18.5566,0.99227,-0.287378,0.0223689,0.466667,30,US census (round 1),NY_2018 income-sex
acs_NY_2018_ACSIncome-sex,proxy[strat_y] n=400,-85.3716,-141.589,-40.0293,0.999895,-0.159149,0.0223689,0.6,30,US census (round 1),NY_2018 income-sex
acs_NY_2018_ACSIncome-sex,related_feats n=25,-31.1406,-66.8779,-4.95092,0.981719,-0.590682,0.0223689,0.333333,30,US census (round 1),NY_2018 income-sex
acs_NY_2018_ACSIncome-sex,related_feats n=50,-24.4332,-55.8363,-1.82032,0.939569,-0.582112,0.0223689,0.266667,30,US census (round 1),NY_2018 income-sex
acs_NY_2018_ACSIncome-sex,related_feats n=100,-27.2476,-50.8502,-7.25487,0.990663,-0.563539,0.0223689,0.266667,30,US census (round 1),NY_2018 income-sex
acs_NY_2018_ACSIncome-sex,related_feats n=200,-10.8285,-36.8351,8.43557,0.765577,-0.596512,0.0223689,0.233333,30,US census (round 1),NY_2018 income-sex
acs_NY_2018_ACSIncome-sex,related_feats n=400,-22.8309,-42.1884,-6.52912,0.989099,-0.553735,0.0223689,0.2,30,US census (round 1),NY_2018 income-sex
acs_PA_2018_ACSEmployment-sex,arl,-3.84613,-8.75404,0.884243,0.925041,-0.277874,0.0546003,0.1,30,US census (round 1),PA_2018 employment-sex
acs_PA_2018_ACSEmployment-sex,cluster_rw,4.28267,-1.41867,9.83363,0.05242,-0.471368,0.0546003,0.1,30,US census (round 1),PA_2018 employment-sex
acs_PA_2018_ACSEmployment-sex,cvar,0.942155,-1.88287,3.94807,0.34039,-0.134555,0.0546003,0,30,US census (round 1),PA_2018 employment-sex
acs_PA_2018_ACSEmployment-sex,jtt,14.9159,9.25516,20.4476,5.30481e-06,-0.379922,0.0546003,0,30,US census (round 1),PA_2018 employment-sex
acs_PA_2018_ACSEmployment-sex,oracle,30.9006,22.4712,38.8745,1.61957e-06,-0.465485,0.0546003,0.0333333,30,US census (round 1),PA_2018 employment-sex
acs_PA_2018_ACSEmployment-sex,proxy_confident n=25,-0.835393,-8.23226,6.61211,0.709317,-0.410277,0.0546003,0.166667,30,US census (round 1),PA_2018 employment-sex
acs_PA_2018_ACSEmployment-sex,proxy_confident n=50,6.27011,-2.54976,13.8729,0.0729997,-0.461319,0.0546003,0.133333,30,US census (round 1),PA_2018 employment-sex
acs_PA_2018_ACSEmployment-sex,proxy_confident n=100,0.978466,-6.63425,8.8399,0.444112,-0.442813,0.0546003,0.233333,30,US census (round 1),PA_2018 employment-sex
acs_PA_2018_ACSEmployment-sex,proxy_confident n=200,1.17762,-7.22282,11.1289,0.564396,-0.243403,0.0546003,0.2,30,US census (round 1),PA_2018 employment-sex
acs_PA_2018_ACSEmployment-sex,proxy_confident n=400,-0.265818,-8.3887,7.77588,0.521556,-0.20605,0.0546003,0.233333,30,US census (round 1),PA_2018 employment-sex
acs_PA_2018_ACSEmployment-sex,proxy[random] n=25,-0.0510207,-8.52801,7.75053,0.596085,-0.371267,0.0546003,0.133333,30,US census (round 1),PA_2018 employment-sex
acs_PA_2018_ACSEmployment-sex,proxy[random] n=50,5.57467,-3.26568,13.5209,0.126816,-0.490299,0.0546003,0.166667,30,US census (round 1),PA_2018 employment-sex
acs_PA_2018_ACSEmployment-sex,proxy[random] n=100,1.36786,-7.86454,10.6266,0.360627,-0.423422,0.0546003,0.2,30,US census (round 1),PA_2018 employment-sex
acs_PA_2018_ACSEmployment-sex,proxy[random] n=200,-1.65881,-11.0064,8.31211,0.842667,-0.230137,0.0546003,0.266667,30,US census (round 1),PA_2018 employment-sex
acs_PA_2018_ACSEmployment-sex,proxy[random] n=400,-0.601579,-7.40616,6.43024,0.53279,-0.123226,0.0546003,0.2,30,US census (round 1),PA_2018 employment-sex
acs_PA_2018_ACSEmployment-sex,proxy[random_mnar] n=25,7.187,-1.9179,15.9307,0.0759435,-0.488209,0.0546003,0.1,30,US census (round 1),PA_2018 employment-sex
acs_PA_2018_ACSEmployment-sex,proxy[random_mnar] n=50,10.4293,2.98533,17.2928,0.00565153,-0.430971,0.0546003,0.0333333,30,US census (round 1),PA_2018 employment-sex
acs_PA_2018_ACSEmployment-sex,proxy[random_mnar] n=100,-2.24977,-10.384,5.48024,0.721943,-0.395122,0.0546003,0.233333,30,US census (round 1),PA_2018 employment-sex
acs_PA_2018_ACSEmployment-sex,proxy[random_mnar] n=200,-6.5646,-13.2718,-0.39777,0.954166,-0.266411,0.0546003,0.2,30,US census (round 1),PA_2018 employment-sex
acs_PA_2018_ACSEmployment-sex,proxy[random_mnar] n=400,-8.44473,-18.0074,-0.10392,0.927909,-0.216593,0.0546003,0.333333,30,US census (round 1),PA_2018 employment-sex
acs_PA_2018_ACSEmployment-sex,proxy[strat_y] n=25,-0.225711,-9.05739,8.66722,0.555888,-0.459537,0.0546003,0.166667,30,US census (round 1),PA_2018 employment-sex
acs_PA_2018_ACSEmployment-sex,proxy[strat_y] n=50,3.13408,-3.02946,9.85424,0.283317,-0.423463,0.0546003,0.133333,30,US census (round 1),PA_2018 employment-sex
acs_PA_2018_ACSEmployment-sex,proxy[strat_y] n=100,3.85303,-4.457,12.475,0.174606,-0.397402,0.0546003,0.166667,30,US census (round 1),PA_2018 employment-sex
acs_PA_2018_ACSEmployment-sex,proxy[strat_y] n=200,-3.21486,-11.818,4.93234,0.735447,-0.249893,0.0546003,0.233333,30,US census (round 1),PA_2018 employment-sex
acs_PA_2018_ACSEmployment-sex,proxy[strat_y] n=400,2.02389,-6.35453,11.3335,0.410498,-0.20266,0.0546003,0.133333,30,US census (round 1),PA_2018 employment-sex
acs_PA_2018_ACSEmployment-sex,related_feats n=25,6.63763,-1.04947,15.401,0.0920418,-0.461875,0.0546003,0.133333,30,US census (round 1),PA_2018 employment-sex
acs_PA_2018_ACSEmployment-sex,related_feats n=50,20.265,12.4161,28.7106,0.000116521,-0.522342,0.0546003,0,30,US census (round 1),PA_2018 employment-sex
acs_PA_2018_ACSEmployment-sex,related_feats n=100,13.5596,7.02646,19.9013,0.000698374,-0.353245,0.0546003,0.0333333,30,US census (round 1),PA_2018 employment-sex
acs_PA_2018_ACSEmployment-sex,related_feats n=200,19.4843,12.045,27.915,0.000262853,-0.570265,0.0546003,0.0333333,30,US census (round 1),PA_2018 employment-sex
acs_PA_2018_ACSEmployment-sex,related_feats n=400,19.3679,12.163,26.3243,0.000303383,-0.550153,0.0546003,0.0666667,30,US census (round 1),PA_2018 employment-sex
acs_TX_2018_ACSIncome-race,arl,-2.04362,-8.38124,4.51859,0.761447,-0.304706,0.0568969,0.1,30,US census (round 1),TX_2018 income-race
acs_TX_2018_ACSIncome-race,cluster_rw,24.0169,14.168,34.2722,3.99724e-06,-0.53822,0.0568969,0,30,US census (round 1),TX_2018 income-race
acs_TX_2018_ACSIncome-race,cvar,-4.48876,-9.36016,-0.0766902,0.924057,-0.0975469,0.0568969,0.133333,30,US census (round 1),TX_2018 income-race
acs_TX_2018_ACSIncome-race,jtt,-9.36266,-21.4727,0.418211,0.926486,-0.546095,0.0568969,0.333333,30,US census (round 1),TX_2018 income-race
acs_TX_2018_ACSIncome-race,oracle,42.9834,32.7939,53.7218,1.1744e-06,-0.140654,0.0568969,0.0666667,30,US census (round 1),TX_2018 income-race
acs_TX_2018_ACSIncome-race,proxy_confident n=25,14.3778,3.93721,24.8287,0.0338378,-0.490157,0.0568969,0.1,30,US census (round 1),TX_2018 income-race
acs_TX_2018_ACSIncome-race,proxy_confident n=50,-3.79533,-18.0635,10.2381,0.709317,-0.355886,0.0568969,0.4,30,US census (round 1),TX_2018 income-race
acs_TX_2018_ACSIncome-race,proxy_confident n=100,-4.57385,-21.1746,10.9957,0.708121,-0.329739,0.0568969,0.366667,30,US census (round 1),TX_2018 income-race
acs_TX_2018_ACSIncome-race,proxy_confident n=200,13.8008,-2.3283,28.2719,0.0110494,-0.184957,0.0568969,0.166667,30,US census (round 1),TX_2018 income-race
acs_TX_2018_ACSIncome-race,proxy_confident n=400,11.3761,-0.412091,23.9041,0.0940185,-0.188478,0.0568969,0.133333,30,US census (round 1),TX_2018 income-race
acs_TX_2018_ACSIncome-race,proxy[random] n=25,9.0473,-4.72164,22.2968,0.131143,-0.620104,0.0568969,0.333333,30,US census (round 1),TX_2018 income-race
acs_TX_2018_ACSIncome-race,proxy[random] n=50,-0.354612,-16.8513,15.7726,0.686827,-0.350445,0.0568969,0.366667,30,US census (round 1),TX_2018 income-race
acs_TX_2018_ACSIncome-race,proxy[random] n=100,2.07945,-12.6025,16.1952,0.257924,-0.315544,0.0568969,0.266667,30,US census (round 1),TX_2018 income-race
acs_TX_2018_ACSIncome-race,proxy[random] n=200,20.9988,3.1032,36.7899,0.00216912,-0.327749,0.0568969,0.133333,30,US census (round 1),TX_2018 income-race
acs_TX_2018_ACSIncome-race,proxy[random] n=400,26.087,14.8466,38.1819,0.000190047,-0.323832,0.0568969,0.0666667,30,US census (round 1),TX_2018 income-race
acs_TX_2018_ACSIncome-race,proxy[random_mnar] n=25,2.42477,-16.7129,17.2576,0.284929,-0.497539,0.0568969,0.266667,30,US census (round 1),TX_2018 income-race
acs_TX_2018_ACSIncome-race,proxy[random_mnar] n=50,-1.39707,-12.0498,8.97689,0.614824,-0.451382,0.0568969,0.3,30,US census (round 1),TX_2018 income-race
acs_TX_2018_ACSIncome-race,proxy[random_mnar] n=100,-8.1583,-26.8832,9.76893,0.767727,-0.498508,0.0568969,0.333333,30,US census (round 1),TX_2018 income-race
acs_TX_2018_ACSIncome-race,proxy[random_mnar] n=200,2.1455,-10.3311,15.8782,0.410195,-0.246364,0.0568969,0.333333,30,US census (round 1),TX_2018 income-race
acs_TX_2018_ACSIncome-race,proxy[random_mnar] n=400,14.2714,1.89427,25.5664,0.0191172,-0.255136,0.0568969,0.2,30,US census (round 1),TX_2018 income-race
acs_TX_2018_ACSIncome-race,proxy[strat_y] n=25,-1.45636,-18.5834,13.824,0.627173,-0.499653,0.0568969,0.333333,30,US census (round 1),TX_2018 income-race
acs_TX_2018_ACSIncome-race,proxy[strat_y] n=50,13.1652,2.00599,24.3942,0.0202449,-0.448805,0.0568969,0.166667,30,US census (round 1),TX_2018 income-race
acs_TX_2018_ACSIncome-race,proxy[strat_y] n=100,26.1201,12.6657,38.6482,0.00138316,-0.530243,0.0568969,0.133333,30,US census (round 1),TX_2018 income-race
acs_TX_2018_ACSIncome-race,proxy[strat_y] n=200,11.4913,-1.03937,22.4345,0.028844,-0.280284,0.0568969,0.133333,30,US census (round 1),TX_2018 income-race
acs_TX_2018_ACSIncome-race,proxy[strat_y] n=400,33.4218,20.2883,45.4215,2.20379e-05,-0.387471,0.0568969,0.1,30,US census (round 1),TX_2018 income-race
acs_TX_2018_ACSIncome-race,related_feats n=25,-6.51699,-17.6028,4.03064,0.968355,-0.66689,0.0568969,0.333333,30,US census (round 1),TX_2018 income-race
acs_TX_2018_ACSIncome-race,related_feats n=50,-15.5468,-25.2617,-7.15727,0.99945,-0.742034,0.0568969,0.4,30,US census (round 1),TX_2018 income-race
acs_TX_2018_ACSIncome-race,related_feats n=100,-11.8252,-22.1216,-1.71724,0.994062,-0.655349,0.0568969,0.366667,30,US census (round 1),TX_2018 income-race
acs_TX_2018_ACSIncome-race,related_feats n=200,-3.18557,-15.5526,6.59458,0.535416,-0.713727,0.0568969,0.266667,30,US census (round 1),TX_2018 income-race
acs_TX_2018_ACSIncome-race,related_feats n=400,-3.61863,-13.7223,8.36245,0.872559,-0.7134,0.0568969,0.3,30,US census (round 1),TX_2018 income-race
