family,t,arm,eo0,abs_red,pct,harm
ACS,acs_CA_ACSIncome-race,arl,0.05604463744372599,-0.008873925651944278,-15.833674829022693,0.5
ACS,acs_CA_ACSIncome-race,cluster_rw,0.05604463744372599,0.01008522882474486,17.994993427999916,0.03333333333333333
ACS,acs_CA_ACSIncome-race,cvar,0.05604463744372599,-0.0006110719892775032,-1.0903308811500034,0.1
ACS,acs_CA_ACSIncome-race,jtt,0.05604463744372599,-0.01609455882494841,-28.717393062108453,0.6666666666666666
ACS,acs_CA_ACSIncome-race,oracle,0.05604463744372599,0.031198895319159363,55.667940310053666,0.0
ACS,acs_CA_ACSIncome-race,proxy n=100,0.05604463744372599,0.006043173438997911,10.782786212268435,0.16666666666666666
ACS,acs_CA_ACSIncome-race,proxy n=200,0.05604463744372599,0.010631290737730554,18.969327348054232,0.1
ACS,acs_CA_ACSIncome-race,proxy n=25,0.05604463744372599,0.004142225682073334,7.39094027726116,0.26666666666666666
ACS,acs_CA_ACSIncome-race,proxy n=400,0.05604463744372599,0.020374866523589955,36.35471198122785,0.0
ACS,acs_CA_ACSIncome-race,proxy n=50,0.05604463744372599,0.00709285181696625,12.655718977731167,0.16666666666666666
ACS,acs_FL_ACSIncome-race,arl,0.10762000341683838,-0.007630760869862441,-7.090467039205195,0.4
ACS,acs_FL_ACSIncome-race,cluster_rw,0.10762000341683838,0.012820329891286553,11.912590117313338,0.06666666666666667
ACS,acs_FL_ACSIncome-race,cvar,0.10762000341683838,0.002243037865443457,2.0842202139277233,0.13333333333333333
ACS,acs_FL_ACSIncome-race,jtt,0.10762000341683838,0.01417493477715666,13.171282593491206,0.16666666666666666
ACS,acs_FL_ACSIncome-race,oracle,0.10762000341683838,0.06275139449685666,58.30830004140151,0.03333333333333333
ACS,acs_FL_ACSIncome-race,proxy n=100,0.10762000341683838,0.025163822057380065,23.382104867544452,0.16666666666666666
ACS,acs_FL_ACSIncome-race,proxy n=200,0.10762000341683838,0.028572563632361134,26.54949147482618,0.06666666666666667
ACS,acs_FL_ACSIncome-race,proxy n=25,0.10762000341683838,0.0057363193815191576,5.330160936067818,0.23333333333333334
ACS,acs_FL_ACSIncome-race,proxy n=400,0.10762000341683838,0.042135234354938975,39.15186119418617,0.0
ACS,acs_FL_ACSIncome-race,proxy n=50,0.10762000341683838,0.02155971657389238,20.033187037159227,0.06666666666666667
ACS,acs_NY_ACSIncome-sex,arl,0.02236894576826254,-0.004590006335365553,-20.519546977837177,0.3
ACS,acs_NY_ACSIncome-sex,cluster_rw,0.02236894576826254,-0.003979007908654973,-17.78808867380983,0.3
ACS,acs_NY_ACSIncome-sex,cvar,0.02236894576826254,-0.0018966783901937833,-8.479069196389343,0.1
ACS,acs_NY_ACSIncome-sex,jtt,0.02236894576826254,-0.002316681969025757,-10.356688209744359,0.23333333333333334
ACS,acs_NY_ACSIncome-sex,oracle,0.02236894576826254,-0.004178395188072424,-18.67944619008737,0.16666666666666666
ACS,acs_NY_ACSIncome-sex,proxy n=100,0.02236894576826254,-0.013022755021071702,-58.21800971751034,0.5
ACS,acs_NY_ACSIncome-sex,proxy n=200,0.02236894576826254,-0.019997020443788305,-89.39634728857197,0.6333333333333333
ACS,acs_NY_ACSIncome-sex,proxy n=25,0.02236894576826254,-0.012417776874514506,-55.513464975774916,0.5333333333333333
ACS,acs_NY_ACSIncome-sex,proxy n=400,0.02236894576826254,-0.02112301842428137,-94.43010253192658,0.6333333333333333
ACS,acs_NY_ACSIncome-sex,proxy n=50,0.02236894576826254,-0.014552132945460813,-65.05506829073566,0.4666666666666667
ACS,acs_PA_ACSEmployment-sex,arl,0.05460034911222807,-0.0021000019059906803,-3.84613274481862,0.1
ACS,acs_PA_ACSEmployment-sex,cluster_rw,0.05460034911222807,0.0023383551962449208,4.282674441217516,0.1
ACS,acs_PA_ACSEmployment-sex,cvar,0.05460034911222807,0.0005144200537903707,0.9421552465406657,0.0
ACS,acs_PA_ACSEmployment-sex,jtt,0.05460034911222807,0.00814411031576321,14.91585758732683,0.0
ACS,acs_PA_ACSEmployment-sex,oracle,0.05460034911222807,0.016871827194085694,30.900584828508272,0.03333333333333333
ACS,acs_PA_ACSEmployment-sex,proxy n=100,0.05460034911222807,0.000746857736559883,1.3678625662718047,0.2
ACS,acs_PA_ACSEmployment-sex,proxy n=200,0.05460034911222807,-0.0009057182407412525,-1.6588140102906657,0.26666666666666666
ACS,acs_PA_ACSEmployment-sex,proxy n=25,0.05460034911222807,-2.785746772528593e-05,-0.05102067693381063,0.13333333333333333
ACS,acs_PA_ACSEmployment-sex,proxy n=400,0.05460034911222807,-0.0003284639908863826,-0.6015785543994179,0.2
ACS,acs_PA_ACSEmployment-sex,proxy n=50,0.05460034911222807,0.0030437890713295936,5.574669614425442,0.16666666666666666
ACS,acs_TX_ACSIncome-race,arl,0.05689685896781565,-0.0011627564855559796,-2.043621575338128,0.1
ACS,acs_TX_ACSIncome-race,cluster_rw,0.05689685896781565,0.01366483813111788,24.01685853844331,0.0
ACS,acs_TX_ACSIncome-race,cvar,0.05689685896781565,-0.002553965408471854,-4.488763448113264,0.13333333333333333
ACS,acs_TX_ACSIncome-race,jtt,0.05689685896781565,-0.005327056940760607,-9.362655579588175,0.3333333333333333
ACS,acs_TX_ACSIncome-race,oracle,0.05689685896781565,0.024456224612012585,42.98343538761345,0.06666666666666667
ACS,acs_TX_ACSIncome-race,proxy n=100,0.05689685896781565,0.001183143373996339,2.0794528827427716,0.26666666666666666
ACS,acs_TX_ACSIncome-race,proxy n=200,0.05689685896781565,0.011947648110992847,20.998783285648802,0.13333333333333333
ACS,acs_TX_ACSIncome-race,proxy n=25,0.05689685896781565,0.005147631454854645,9.047303398183127,0.3333333333333333
ACS,acs_TX_ACSIncome-race,proxy n=400,0.05689685896781565,0.014842662849589154,26.08696353165132,0.06666666666666667
ACS,acs_TX_ACSIncome-race,proxy n=50,0.05689685896781565,-0.00020176296065378384,-0.35461177350391004,0.36666666666666664
Benchmarks,adult-sex,arl,0.155133580033534,-0.0037177047109327407,-2.396453888403194,0.2
Benchmarks,adult-sex,cluster_rw,0.155133580033534,0.0440238653020595,28.37803736144243,0.0
Benchmarks,adult-sex,cvar,0.155133580033534,0.01046176614879064,6.743714769251885,0.0
Benchmarks,adult-sex,jtt,0.155133580033534,-0.01527314816587144,-9.845159354003163,0.5
Benchmarks,adult-sex,oracle,0.155133580033534,0.07851097068505863,50.60862430177111,0.0
Benchmarks,adult-sex,proxy n=100,0.155133580033534,0.07380919563483064,47.57783299971282,0.03333333333333333
Benchmarks,adult-sex,proxy n=200,0.155133580033534,0.07916744920601368,51.03179414083054,0.0
Benchmarks,adult-sex,proxy n=25,0.155133580033534,0.05012479485084323,32.31073171908244,0.13333333333333333
Benchmarks,adult-sex,proxy n=400,0.155133580033534,0.08604334425453687,55.46403572710534,0.0
Benchmarks,adult-sex,proxy n=50,0.155133580033534,0.061710200665882495,39.778751094729515,0.1
Benchmarks,compas-race,arl,0.2500551938796214,0.01436945534832549,5.746513449843816,0.23333333333333334
Benchmarks,compas-race,cluster_rw,0.2500551938796214,0.009685190267940695,3.8732209948029395,0.26666666666666666
Benchmarks,compas-race,cvar,0.2500551938796214,-0.0017528995956999814,-0.7010050735214435,0.16666666666666666
Benchmarks,compas-race,jtt,0.2500551938796214,-0.009989717496551087,-3.9950049993203507,0.5666666666666667
Benchmarks,compas-race,oracle,0.2500551938796214,0.02848881588680519,11.393011056798896,0.03333333333333333
Benchmarks,compas-race,proxy n=100,0.2500551938796214,0.022862120450042413,9.142829667056795,0.06666666666666667
Benchmarks,compas-race,proxy n=200,0.2500551938796214,0.017916848493241835,7.165157505933328,0.03333333333333333
Benchmarks,compas-race,proxy n=25,0.2500551938796214,0.011528062847563155,4.610207318114279,0.23333333333333334
Benchmarks,compas-race,proxy n=400,0.2500551938796214,0.028285780629364547,11.311814879950688,0.0
Benchmarks,compas-race,proxy n=50,0.2500551938796214,0.01005633972005237,4.021648006597111,0.26666666666666666
Benchmarks,compas-sex,arl,0.1439941348022952,0.0004021980420799209,0.2793155725628216,0.23333333333333334
Benchmarks,compas-sex,cluster_rw,0.1439941348022952,0.0048085672103295235,3.339418801280858,0.3333333333333333
Benchmarks,compas-sex,cvar,0.1439941348022952,0.002360125768973066,1.6390429875588808,0.06666666666666667
Benchmarks,compas-sex,jtt,0.1439941348022952,0.002867188850107686,1.9911844701482884,0.36666666666666664
Benchmarks,compas-sex,oracle,0.1439941348022952,0.015224285724222934,10.572851279759398,0.13333333333333333
Benchmarks,compas-sex,proxy n=100,0.1439941348022952,0.007173765688535205,4.98198464707248,0.26666666666666666
Benchmarks,compas-sex,proxy n=200,0.1439941348022952,0.017582966703717513,12.210890900423866,0.13333333333333333
Benchmarks,compas-sex,proxy n=25,0.1439941348022952,0.020409798583693548,14.174048555322305,0.13333333333333333
Benchmarks,compas-sex,proxy n=400,0.1439941348022952,0.01750413027822797,12.15614115273601,0.16666666666666666
Benchmarks,compas-sex,proxy n=50,0.1439941348022952,0.010967948988704287,7.616941484292639,0.13333333333333333
Benchmarks,credit-age,arl,0.16732237613720713,-0.007465776546367488,-4.461911621578585,0.5666666666666667
Benchmarks,credit-age,cluster_rw,0.16732237613720713,0.05188304098653158,31.007831818014964,0.0
Benchmarks,credit-age,cvar,0.16732237613720713,-0.001486890219835638,-0.8886380017794737,0.2
Benchmarks,credit-age,jtt,0.16732237613720713,-0.009949528046682508,-5.946322468265519,0.4666666666666667
Benchmarks,credit-age,oracle,0.16732237613720713,0.05702069245035158,34.07834251863222,0.0
Benchmarks,credit-age,proxy n=100,0.16732237613720713,0.03272183795474287,19.55616380197136,0.1
Benchmarks,credit-age,proxy n=200,0.16732237613720713,0.046410381661090225,27.7371041055698,0.03333333333333333
Benchmarks,credit-age,proxy n=25,0.16732237613720713,0.02486023398439741,14.857686436398442,0.23333333333333334
Benchmarks,credit-age,proxy n=400,0.16732237613720713,0.05956756543309027,35.60047783701319,0.0
Benchmarks,credit-age,proxy n=50,0.16732237613720713,0.028504445578234408,17.035644745362866,0.1
Benchmarks,dutch-sex,arl,0.04844917744106961,0.0032198351549787363,6.6457994233134805,0.06666666666666667
Benchmarks,dutch-sex,cluster_rw,0.04844917744106961,-0.007522820226429914,-15.527240344957715,0.3
Benchmarks,dutch-sex,cvar,0.04844917744106961,0.0018256747170942796,3.768226445773837,0.0
Benchmarks,dutch-sex,jtt,0.04844917744106961,-0.0025049560254145602,-5.170275653206757,0.26666666666666666
Benchmarks,dutch-sex,oracle,0.04844917744106961,0.00920131951635657,18.991693981901836,0.06666666666666667
Benchmarks,dutch-sex,proxy n=100,0.04844917744106961,-0.002435575144343194,-5.027072229050056,0.26666666666666666
Benchmarks,dutch-sex,proxy n=200,0.04844917744106961,-0.010759414697017617,-22.207631306237708,0.5666666666666667
Benchmarks,dutch-sex,proxy n=25,0.04844917744106961,-0.00536482146143179,-11.073090906356885,0.4
Benchmarks,dutch-sex,proxy n=400,0.04844917744106961,-0.012724596610441296,-26.263803190299086,0.5666666666666667
Benchmarks,dutch-sex,proxy n=50,0.04844917744106961,-0.0031056675733713438,-6.410155419354391,0.16666666666666666
Benchmarks,german-age,arl,0.17490530488242154,-0.004178541720440713,-2.3890308663020443,0.43333333333333335
Benchmarks,german-age,cluster_rw,0.17490530488242154,0.017177236589361503,9.820877989326126,0.23333333333333334
Benchmarks,german-age,cvar,0.17490530488242154,0.00035504643185049615,0.20299351817210098,0.3333333333333333
Benchmarks,german-age,jtt,0.17490530488242154,0.005747568494933691,3.2861030137407377,0.3
Benchmarks,german-age,oracle,0.17490530488242154,0.0034025415048394977,1.9453620958648554,0.3
Benchmarks,german-age,proxy n=100,0.17490530488242154,0.013209593574275943,7.552425915929739,0.2
Benchmarks,german-age,proxy n=25,0.17490530488242154,0.01710420604166374,9.779123653889087,0.23333333333333334
Benchmarks,german-age,proxy n=50,0.17490530488242154,0.0053255047965300355,3.0447931811502404,0.3
Benchmarks,law-race,arl,0.3914063738703028,0.013641808924827784,3.4853313168957567,0.03333333333333333
Benchmarks,law-race,cluster_rw,0.3914063738703028,0.003006359776615042,0.7680916758936562,0.36666666666666664
Benchmarks,law-race,cvar,0.3914063738703028,0.004614801895601008,1.1790308496943736,0.06666666666666667
Benchmarks,law-race,jtt,0.3914063738703028,0.06970209467434771,17.808114360816298,0.0
Benchmarks,law-race,oracle,0.3914063738703028,0.12406486614275808,31.697201278553642,0.0
Benchmarks,law-race,proxy n=100,0.3914063738703028,0.11683931434208907,29.85115270013594,0.0
Benchmarks,law-race,proxy n=200,0.3914063738703028,0.11152863661187748,28.49433327031967,0.0
Benchmarks,law-race,proxy n=25,0.3914063738703028,0.06921233902365978,17.682987208224176,0.13333333333333333
Benchmarks,law-race,proxy n=400,0.3914063738703028,0.12090270070292268,30.88930297874638,0.0
Benchmarks,law-race,proxy n=50,0.3914063738703028,0.08730948917598022,22.306608937572193,0.1
Benchmarks,oulad-disability,arl,0.11080078266859328,3.394991185960844e-05,0.030640498236511604,0.2
Benchmarks,oulad-disability,cluster_rw,0.11080078266859328,-0.003987658251848034,-3.5989441191721427,0.3333333333333333
Benchmarks,oulad-disability,cvar,0.11080078266859328,-0.0004479724344474289,-0.4043043953825931,0.06666666666666667
Benchmarks,oulad-disability,jtt,0.11080078266859328,-0.013488710963468544,-12.173840868808172,0.6333333333333333
Benchmarks,oulad-disability,oracle,0.11080078266859328,0.03501872866887763,31.605127532013157,0.0
Benchmarks,oulad-disability,proxy n=100,0.11080078266859328,0.0023800062002054838,2.1480048632184445,0.16666666666666666
Benchmarks,oulad-disability,proxy n=200,0.11080078266859328,0.000764599272708519,0.6900666712756465,0.23333333333333334
Benchmarks,oulad-disability,proxy n=25,0.11080078266859328,0.0019747854929190903,1.7822847865846758,0.2
Benchmarks,oulad-disability,proxy n=400,0.11080078266859328,0.011341208070030806,10.235675052903304,0.1
Benchmarks,oulad-disability,proxy n=50,0.11080078266859328,-0.005983415042032195,-5.40015593565677,0.36666666666666664
