dataset,attr,eo_A,rank_A,n,top,rhoA,rho_feat,sp1,sp2,maxf
adult,race,0.059,17.0,18,0.0,0.11,0.645,0.634,0.313,0.573
adult,sex,0.144,14.0,18,0.0,0.229,0.647,0.664,0.282,0.565
bank,age,0.09,20.0,25,0.0,0.048,0.65,0.882,0.322,0.489
bank,marital,0.063,22.0,25,0.0,0.096,0.652,0.888,0.312,0.495
compas,race,0.249,5.0,5,0.0,0.283,0.529,0.775,0.812,0.472
compas,sex,0.145,5.0,5,0.0,0.127,0.549,0.905,0.782,0.482
credit,age,0.163,12.0,22,0.0,0.14,0.733,0.94,0.259,0.812
credit,sex,0.038,22.0,23,0.0,0.052,0.743,0.953,0.298,0.819
diabetes,race,0.037,29.0,32,0.0,0.032,0.347,0.808,0.395,0.443
diabetes,sex,0.064,21.0,33,0.0,0.058,0.333,0.78,0.387,0.451
dutch,sex,0.048,15.0,19,0.0,0.036,0.606,0.863,0.642,0.783
german,age,0.178,16.5,38,0.0,0.138,0.532,0.727,0.447,0.539
german,sex,0.118,27.5,37,0.0,0.105,0.496,0.735,0.428,0.533
law,race,0.391,6.0,8,0.0,0.444,0.729,0.926,0.239,0.542
law,sex,0.044,8.0,8,0.0,0.051,0.732,0.936,0.244,0.539
oulad,disability,0.111,15.5,24,0.0,0.087,0.514,0.952,0.743,0.498
oulad,sex,0.046,20.5,24,0.0,0.056,0.518,0.958,0.719,0.512
