dataset,attr,seed,eo_A,rank_A,n,pct_above,rhoA,rho_max_feat,sp_thresh_vs_meanscore,sp_reliance_vs_gap,max_feat_gap
adult,race,0,0.0849019882603888,17.0,18,94.11764705882354,0.1240266318893643,0.6196298742282575,0.4117647058823529,0.31127450980392163,0.5289855072463768
adult,race,1,0.0649114941640256,17.0,18,94.11764705882354,0.1152029226397772,0.649980407227745,0.6099071207430341,0.44117647058823534,0.6892655367231638
adult,race,2,0.0434598438586998,18.0,18,100.0,0.1544952514986359,0.6435063934768083,0.6945304437564499,0.3382352941176471,0.4870748299319727
adult,race,3,0.0643106335832624,17.0,18,94.11764705882354,0.1235748525062172,0.6440291263640164,0.8080495356037152,0.29411764705882354,0.533194925028835
adult,race,4,0.0879069550189173,17.0,18,94.11764705882354,0.0704005545360447,0.6656459846836019,0.5500515995872033,0.38480392156862747,0.5006833962057843
adult,race,5,0.0575774909175233,17.0,18,94.11764705882354,0.106840880600786,0.645576649719013,0.8121775025799793,0.40196078431372556,0.695356738391846
adult,race,6,0.0648636866115497,18.0,18,100.0,0.1204446649915748,0.6377923362370173,0.5273477812177503,0.4387254901960785,0.4189472399129142
adult,race,7,0.0690986656702009,17.0,18,94.11764705882354,0.086957108029199,0.6531494509971436,0.5892672858617131,0.22794117647058826,0.5083066762975956
adult,race,8,0.1200585423575755,15.0,18,82.3529411764706,0.0941062112824781,0.6145154327629634,0.5810113519091847,0.32352941176470595,0.5252436974789916
adult,race,9,0.0780668566179333,18.0,18,100.0,0.0912463633788277,0.6560535639115299,0.4716202270381837,0.26960784313725494,0.4938775510204081
adult,race,10,0.0726018652591589,17.0,18,94.11764705882354,0.0834762409027863,0.6697216769207087,0.7812177502579979,0.25490196078431376,0.6783295711060948
adult,race,11,0.0593295715132307,17.0,17,100.0,0.1396631290456784,0.6330634227744575,0.678921568627451,0.4088235294117647,0.5052758187086546
adult,race,12,0.0463631444693514,18.0,18,100.0,0.1020019875791561,0.6313234715894982,0.6037151702786379,-0.02696078431372549,0.6715575620767494
adult,race,13,0.0443358841565535,17.0,18,94.11764705882354,0.1050807599757397,0.6168372808924818,0.6676986584107326,0.32598039215686275,0.5407586763518968
adult,race,14,0.0622328721238824,18.0,18,100.0,0.0904891793631397,0.6624825008444251,0.6842105263157895,0.37009803921568635,0.6753393665158371
adult,race,15,0.0462508051840972,18.0,18,100.0,0.1224906030817141,0.6439707443502037,0.6738906088751291,0.24019607843137256,0.5882086167800453
adult,race,16,0.0417077632629924,17.0,18,94.11764705882354,0.118508873789757,0.6652364585543081,0.5995872033023736,0.37009803921568635,0.5661764705882353
adult,race,17,0.0672139341939141,18.0,18,100.0,0.1216559397627675,0.6510119152203804,0.6078431372549019,0.39460784313725494,0.5919847901135737
adult,race,18,0.054348509443199,17.0,18,94.11764705882354,0.1283844599450376,0.6633762459927454,0.7585139318885449,0.18382352941176472,0.6933483652762119
adult,race,19,0.0320208188400195,18.0,18,100.0,0.0936070862659865,,,0.37990196078431376,0.6964892412231031
adult,race,20,0.053309628713509,18.0,18,100.0,0.1418376734672194,0.6144889665454805,0.5913312693498451,0.4534313725490197,0.591609977324263
adult,race,21,0.0485154218630793,17.0,18,94.11764705882354,0.0924158265974437,0.6571693503990144,0.6408668730650156,0.3872549019607844,0.5935403983077081
adult,race,22,0.0515575481178016,17.0,18,94.11764705882354,0.1017575778292738,0.6625248414055287,0.5376676986584108,0.24019607843137256,0.4845649672286987
adult,race,23,0.0255123547447888,17.0,18,94.11764705882354,0.1199361172058694,0.6323698233288981,0.5314757481940144,0.2573529411764706,0.4461363437472652
adult,race,24,0.0775219144596509,17.0,18,94.11764705882354,0.1101693081685569,0.6375489520127782,0.5583075335397317,0.3872549019607844,0.603030303030303
adult,race,25,0.0603684522429208,17.0,18,94.11764705882354,0.1104004151857834,0.6528342145246321,0.6573787409700722,0.27450980392156865,0.6961451247165533
adult,race,26,0.0537935759104426,17.0,18,94.11764705882354,0.1046326551603685,0.6329385896918381,0.7997936016511867,0.48774509803921573,0.5463949843260189
adult,race,27,0.0385911210739223,18.0,18,100.0,0.1050252023463788,0.666073534079956,0.8059855521155831,0.17647058823529413,0.5498432601880878
adult,race,28,0.0459251243204246,18.0,18,100.0,0.127069409759599,0.6426560899231449,0.6429308565531475,0.22549019607843138,0.5627280734868505
adult,race,29,0.043572183143954,18.0,18,100.0,0.0867310876892446,0.6485089550247051,0.5108359133126935,0.17156862745098042,0.5283292978208232
adult,sex,0,0.1433413078149921,14.0,18,76.47058823529412,0.2545558816709902,0.6572911301140919,0.6738906088751291,0.24509803921568632,0.6016620195724673
adult,sex,1,0.1445488721804511,15.0,18,82.3529411764706,0.2462804459966797,0.6401517693335699,0.5025799793601652,0.26470588235294124,0.4648951730862993
adult,sex,2,0.1512360446570974,14.0,18,76.47058823529412,0.2508691711304239,0.6698506863477085,0.7977296181630547,0.24019607843137256,0.6143939393939394
adult,sex,3,0.1422825839301811,13.0,18,70.58823529411765,0.2350882020120736,0.6379000144068132,0.7110423116615068,0.232843137254902,0.4877113866967306
adult,sex,4,0.1260859659028995,15.0,18,82.3529411764706,0.2259687938922989,0.6936825742932314,0.7358101135190918,0.2303921568627451,0.5581980621618221
adult,sex,5,0.1657894736842106,13.0,18,70.58823529411765,0.2045841448933013,0.6068558515122751,0.7977296181630547,0.41421568627450983,0.5631797235023042
adult,sex,6,0.1033834586466164,16.0,18,88.23529411764706,0.2348553939237077,0.6487867420537097,0.7358101135190918,0.3186274509803922,0.5266602809706258
adult,sex,7,0.1301834130781499,16.0,18,88.23529411764706,0.2330279615602685,0.6398467910792279,0.500515995872033,0.18137254901960786,0.5846330275229358
adult,sex,8,0.133133971291866,15.0,18,82.3529411764706,0.1976753090068316,0.6363664884284111,0.7440660474716203,0.4338235294117647,0.6005139139467498
adult,sex,9,0.132673581186167,15.0,18,82.3529411764706,0.2316215341212054,0.6468481613641155,0.8183694530443757,0.232843137254902,0.6722972972972973
adult,sex,10,0.1315494372874309,14.0,18,76.47058823529412,0.2673000862023478,0.6603928216898711,0.7894736842105263,0.286764705882353,0.559703368526898
adult,sex,11,0.143984962406015,13.0,18,70.58823529411765,0.2296715338066314,0.6453645122743398,0.8802889576883385,0.2843137254901961,0.6542158147662736
adult,sex,12,0.1996240601503759,14.0,18,76.47058823529412,0.1993381171839685,0.6343193325397383,0.651186790505676,0.10049019607843139,0.510211882918305
adult,sex,13,0.1815804332966804,14.0,18,76.47058823529412,0.1951716580642692,0.6437151492026123,0.8163054695562436,0.3186274509803922,0.6930022573363431
adult,sex,14,0.1657701566168384,13.0,18,70.58823529411765,0.2312705435075354,0.6501484869946742,0.7791537667698658,0.3186274509803922,0.5362389023405973
adult,sex,15,0.1410287081339712,15.0,18,82.3529411764706,0.2396506850280592,0.6445192680361046,0.6222910216718266,0.29656862745098045,0.6074025477010552
adult,sex,16,0.1238721464981789,14.0,18,76.47058823529412,0.2332774025229794,0.6616381093815771,0.6924664602683178,0.32843137254901966,0.6670428893905191
adult,sex,17,0.1079004960185703,16.0,18,88.23529411764706,0.2167157981955499,0.6641372541831454,0.6862745098039216,0.44852941176470595,0.5488379652202178
adult,sex,18,0.1417293233082707,14.0,18,76.47058823529412,0.2246540230055785,0.6485310411402119,0.6264189886480908,0.32598039215686275,0.5300990916597853
adult,sex,19,0.1868022328548644,13.0,18,70.58823529411765,0.223337725101762,0.6426712496286832,0.6037151702786379,0.3088235294117647,0.4922209695603156
adult,sex,20,0.1400375939849624,15.0,18,82.3529411764706,0.2242260881723432,0.647494152447693,0.36429308565531476,0.16666666666666669,0.4333833083458271
adult,sex,21,0.1158483418890281,16.0,18,88.23529411764706,0.226467286295287,0.6333296642105858,0.5830753353973168,0.1936274509803922,0.4970387243735762
adult,sex,22,0.1128675857428352,15.0,18,82.3529411764706,0.2406748701848221,0.6394306427506478,0.37254901960784315,0.31127450980392163,0.4620635337358886
adult,sex,23,0.1625902701417575,13.0,18,70.58823529411765,0.2072061576028423,0.6547684710635878,0.5995872033023736,0.29656862745098045,0.6942242355605889
adult,sex,24,0.1618421052631579,14.0,18,76.47058823529412,0.2345352172119973,0.6552479959158338,0.6697626418988648,0.20833333333333337,0.5081417624521073
adult,sex,25,0.24173080923653,12.0,18,64.70588235294117,0.2144926949811709,0.6515762175760957,0.5810113519091847,0.23529411764705882,0.6847457627118644
adult,sex,26,0.1591307814992025,14.0,18,76.47058823529412,0.2288675487706766,0.6391119401272883,0.5067079463364293,0.2058823529411765,0.5577078288942696
adult,sex,27,0.1140697593786838,16.0,18,88.23529411764706,0.2344954403097441,0.6314329035310693,0.5541795665634675,0.20833333333333337,0.4841505131128849
adult,sex,28,0.0990893815069956,17.0,18,94.11764705882354,0.2314402262017283,0.6618279563808313,0.7997936016511867,0.43137254901960786,0.5604351329572925
adult,sex,29,0.10297784373394,15.0,18,82.3529411764706,0.2609239501451627,0.6315805863707876,0.7337461300309597,0.3872549019607844,0.6029684601113172
bank,age,0,0.0409860639375521,25.0,25,100.0,0.0229551222565321,0.69395381424675,0.9136468774094063,0.34494786606153843,0.5157894736842106
bank,age,1,0.1270898168922342,17.0,25,66.66666666666667,0.0486692232271681,0.6098731617715676,0.8057054741711642,0.5226482819114219,0.4702842377260982
bank,age,2,0.0569685898581813,22.0,25,87.5,0.022007747225751,0.6641760776450454,0.8613785136696187,0.41383815928769363,0.4961038961038961
bank,age,3,0.0582524543734381,23.0,25,91.66666666666667,0.0351654608974115,0.665617206743227,0.9113338473400154,0.34320570512183374,0.5317460317460317
bank,age,4,0.1362016111784415,17.0,25,66.66666666666667,0.1026080670226069,0.6402151402028915,0.8958336000114709,0.3286125299971571,0.401480384900074
bank,age,5,0.0459981995913595,22.0,25,87.5,0.0395771164122275,0.6799068461661606,0.8837119753561802,0.34073110275737545,0.5249343832020997
bank,age,6,0.0647635334762814,22.0,25,87.5,0.0475528217924466,0.6105461841624605,0.8535080956052429,0.32651312131677734,0.4818652849740932
bank,age,7,0.0457717192329342,19.0,25,75.0,0.0260728055677638,0.6515999973702298,0.9013107170393214,0.35176346936527475,0.4872448979591837
bank,age,8,0.1480461906975081,15.0,25,58.333333333333336,0.0817258232489101,0.684090690498829,0.8596761757902852,0.18292689866899764,0.5092348284960422
bank,age,9,0.0514594618814824,24.0,25,95.83333333333333,0.0296896270822575,0.6542755473472205,0.9014247208317289,0.1018276858815145,0.4827586206896552
bank,age,10,0.1056093811447571,20.0,25,79.16666666666667,0.0446145804687101,0.6650455153661763,0.8419429452582884,0.38485013232537485,0.4814814814814814
bank,age,11,0.1403549934453581,19.0,25,75.0,0.0931674177344728,0.6330098926741006,0.8673862760215882,0.5138256909196317,0.4791666666666667
bank,age,12,0.0956065546827433,20.0,25,79.16666666666667,0.0586343025493772,0.6422142895976335,0.9530227185213708,0.3281114322848801,0.4725848563968668
bank,age,13,0.0680473372781065,24.0,25,95.83333333333333,0.0256623723122397,0.6417900673841194,0.9045051983057374,0.2006092444075991,0.480719794344473
bank,age,14,0.0583607389864746,21.0,25,83.33333333333333,0.0293722955873104,0.5963193519159738,0.9444872783346183,0.4876989608728708,0.4961439588688946
bank,age,15,0.0723906194136574,23.0,25,91.66666666666667,0.0232566412052805,0.6774063155185378,0.9213569776407093,0.19851997776060062,0.5153846153846153
bank,age,16,0.130899119642084,15.0,25,58.333333333333336,0.0600881010530717,0.6507496097730429,0.8087895142636854,0.400609860717001,0.4631578947368421
bank,age,17,0.1029995352329197,17.0,25,66.66666666666667,0.0470123888790467,0.6268660136827577,0.8542791056283732,0.421419601912854,0.4923469387755102
bank,age,18,0.0873306069259211,20.0,25,79.16666666666667,0.062592381706903,0.6496293972931083,0.8442559753276793,0.07404183993745142,0.5093333333333333
bank,age,19,0.1142300476259201,16.0,25,62.5,0.017486760971875,0.6686088124779792,0.8889745566692366,0.3744831306702401,0.5170603674540682
bank,age,20,0.0806560659203561,21.0,25,83.33333333333333,0.028419828094556,0.6729566403422972,0.8396299151888975,0.3823211496842684,0.4909090909090909
bank,age,21,0.0812226269217018,20.0,25,79.16666666666667,0.051371015791198,0.6686393355848032,0.9013107170393214,0.14630968826186125,0.4310881562190463
bank,age,22,0.1089599768401244,18.0,25,70.83333333333333,0.0670057836346532,0.5862633985087535,0.9514824797843666,0.24760663789137505,0.4740932642487047
bank,age,23,0.0877736565104195,20.0,25,79.16666666666667,0.0484018886830377,0.6405317494196963,0.9098960338852522,0.10574413533849585,0.4906666666666666
bank,age,24,0.1112714677442632,21.0,25,83.33333333333333,0.0620174395788637,0.6710109686328678,0.9444872783346183,0.414453988658096,0.5210526315789473
bank,age,25,0.0558580575420699,22.0,25,87.5,0.0209370437335876,0.6592083736128148,0.8350038550501158,0.4145441167419402,0.4894736842105263
bank,age,26,0.0616972146052821,24.0,25,95.83333333333333,0.0313272428387641,0.6754763042924699,0.8581341557440247,0.27868512049878336,0.4795003881165761
bank,age,27,0.0999196266794616,19.0,25,75.0,0.0565165443685433,0.585251322614204,0.8221024258760107,0.39765072639983734,0.4936061381074169
bank,age,28,0.0963443674731692,21.0,25,83.33333333333333,0.0804900348076775,0.6538341057700263,0.8573631457208943,0.31090808755645516,0.4841269841269841
bank,age,29,0.1610335094448867,16.0,25,62.5,0.0713504144240621,0.6729276177465711,0.9221279876638396,0.3231005615782769,0.4986945169712793
bank,marital,0,0.067004861551469,19.0,25,75.0,0.08536454956838,0.6130931550273964,0.9014247208317289,0.2597911473130947,0.5130208333333334
bank,marital,1,0.0506048899317023,23.0,25,91.66666666666667,0.1171976296594175,0.5825051537365845,0.9314593762033114,0.27290533834513653,0.5100038109756098
bank,marital,2,0.0719777920583444,19.0,25,75.0,0.1011453354668701,0.5996741694147841,0.9437812860993454,0.25021760419602923,0.4817708333333333
bank,marital,3,0.0922285633763122,19.0,25,75.0,0.0585964223321586,0.6540002590776565,0.9106661532537543,0.3812010804795159,0.5272727272727272
bank,marital,4,0.0434388683813309,23.0,25,91.66666666666667,0.0888627641895303,0.6786151169030367,0.8882035466461063,0.37004820415901435,0.5326370757180157
bank,marital,5,0.0618614810117663,23.0,25,91.66666666666667,0.0879019051939385,0.6611414694122363,0.8713900654601463,0.49206014393677894,0.4806201550387597
bank,marital,6,0.0914535334319734,18.0,25,70.83333333333333,0.0831082319021715,0.5902714196588246,0.9614494988434849,0.3666451116562118,0.4806201550387597
bank,marital,7,0.0518322299104807,24.0,25,95.83333333333333,0.1047444140504375,0.6903578440148591,0.8041634541249035,0.29523204952839854,0.5065616797900262
bank,marital,8,0.047629112943,22.0,25,87.5,0.0785508467486285,0.6890337914694958,0.9167309175019275,0.33434943622838,0.5026178010471204
bank,marital,9,0.1484534629747058,16.0,25,62.5,0.1023477987458678,0.6798446485829532,0.8712413261372397,0.3865915356390644,0.4934725848563969
bank,marital,10,0.0951173113506658,18.0,25,70.83333333333333,0.0963055204278533,0.6506142843991032,0.9506553585196608,0.2072720583709701,0.4922279792746113
bank,marital,11,0.0464726585267436,20.0,25,79.16666666666667,0.0968007972547811,0.6766202413664806,0.9144178874325366,0.43273872345183556,0.4897435897435897
bank,marital,12,0.0677801772450794,22.0,25,87.5,0.133578721747206,0.628660792665952,0.8558211256746338,0.4302201547699967,0.4673629242819843
bank,marital,13,0.0573207000134503,23.0,25,91.66666666666667,0.0849958430866808,0.6954723883063774,0.8134155744024671,0.39982593566223773,0.5092838196286472
bank,marital,14,0.0396279497257633,24.0,25,95.83333333333333,0.0963230022202209,0.6200302576589083,0.8350038550501158,0.3693381192174048,0.4909090909090909
bank,marital,15,0.0420826296833201,23.0,25,91.66666666666667,0.096712163225186,0.6674133752086603,0.9136468774094063,0.254355497196892,0.5114503816793893
bank,marital,16,0.0578454167547382,22.0,25,87.5,0.1263686152025318,0.6433941612897054,0.936006168080185,0.22120631439590926,0.4947089947089947
bank,marital,17,0.0852532938772634,20.0,25,79.16666666666667,0.0573987966557308,0.6811366326754926,0.8388589051657671,0.2551710634566985,0.4947916666666667
bank,marital,18,0.0661007577002974,21.0,25,83.33333333333333,0.1261664754995289,0.6297864548260964,0.8481110254433307,0.37717784344607613,0.4586666666666666
bank,marital,19,0.0827168322412457,24.0,25,95.83333333333333,0.1007830878800209,0.694243803118027,0.9026412352053117,0.20074049004820196,0.4873332862888999
bank,marital,20,0.0451799351396589,22.0,25,87.5,0.1018073885460131,0.6665598105880793,0.9059367771781033,0.22381898740058534,0.4435015112764474
bank,marital,21,0.06524342985979,19.0,25,75.0,0.0842474093013839,0.7160312158608506,0.8419429452582884,0.23514057042084843,0.5251989389920424
bank,marital,22,0.0667471193938397,19.0,25,75.0,0.1068537734287217,0.576274386428755,0.9090208172706246,0.22120631439590926,0.4651162790697674
bank,marital,23,0.0494610019023462,23.0,25,91.66666666666667,0.1012398511671603,0.6656942914833514,0.8946254624421985,0.306989078049441,0.5118733509234829
bank,marital,24,0.0787007679842176,18.0,25,70.83333333333333,0.1018551736310781,0.6673913571122705,0.9167309175019275,0.2777538285334719,0.5155440414507773
bank,marital,25,0.0498132882406819,20.0,25,79.16666666666667,0.0688571801257645,0.6789111763858466,0.8991143627262225,0.24243743773244184,0.4909090909090909
bank,marital,26,0.0417811597266257,25.0,25,100.0,0.0648360181844134,0.6309957574061895,0.8875625721986907,0.4512620096544041,0.4973958333333333
bank,marital,27,0.0314923856350783,23.0,25,91.66666666666667,0.1095634517859474,0.652650890428895,0.7820562187139007,0.24760663789137505,0.5
bank,marital,28,0.05382935249771,24.0,25,95.83333333333333,0.0862899284855361,0.6475744557732417,0.9383191981495759,0.12540830422445248,0.496042216358839
bank,marital,29,0.0544139404898898,23.0,25,91.66666666666667,0.117667705614989,0.6388152666354685,0.8604471858134156,0.4710495963530041,0.4710526315789474
compas,race,0,0.257697581397613,5.0,5,100.0,0.2615153975112853,0.5392264206525749,0.6842105263157895,1.0,0.4444877204370875
compas,race,1,0.3158301221078646,5.0,5,100.0,0.2991107490194896,0.5200846015807123,0.6842105263157895,1.0,0.4783990339545895
compas,race,2,0.2537706992933234,5.0,5,100.0,0.3161194438610677,0.5173639306544496,0.6842105263157895,0.3333333333333334,0.5051219512195122
compas,race,3,0.2213820353257121,5.0,5,100.0,0.2761534555181066,0.523294122948582,0.6842105263157895,1.0,0.522919963158019
compas,race,4,0.2858753945137238,5.0,5,100.0,0.2819115363873371,0.5459044918820322,0.6842105263157895,1.0,0.4771604938271605
compas,race,5,0.2229078256345218,5.0,5,100.0,0.2918108908887322,0.5645178490600488,0.6842105263157895,0.3333333333333334,0.535656894679696
compas,race,6,0.2738919133814188,5.0,5,100.0,0.2991395025630825,0.5287300218595201,0.15789473684210528,0.316227766016838,0.4838923745173745
compas,race,7,0.2005918410484041,5.0,5,100.0,0.2771966335905639,0.5829102829601567,1.0,1.0,0.5041785294409269
compas,race,8,0.2007219160040974,5.0,5,100.0,0.2671492079639102,0.5577922593826128,1.0,1.0,0.4499819168173599
compas,race,9,0.2475558404257908,5.0,5,100.0,0.2938636056642537,0.4997361996214733,1.0,1.0,0.4781451198799225
compas,race,10,0.2450612165260231,5.0,5,100.0,0.2625262257336805,0.5564981880983609,1.0,1.0,0.441625794597478
compas,race,11,0.2087215257792302,3.0,5,50.0,0.256036883026163,0.5199280114198624,1.0,0.9486832980505139,0.5108518849269631
compas,race,12,0.2813358697949693,5.0,5,100.0,0.2652049250337198,0.5518130406759687,0.6842105263157895,1.0,0.4381388385016267
compas,race,13,0.243588391357614,5.0,5,100.0,0.3166833098478052,0.4959134482938619,0.6842105263157895,0.316227766016838,0.4434544649684092
compas,race,14,0.2875550786140513,5.0,5,100.0,0.3088185351267196,0.5451337548403856,1.0,0.9486832980505139,0.4432598130841121
compas,race,15,0.1992568132215848,5.0,5,100.0,0.2466790656490629,0.4755884425543804,1.0,1.0,0.44453125
compas,race,16,0.2591499601645448,5.0,5,100.0,0.3147561944942522,0.5427417032492833,0.6842105263157895,0.3333333333333334,0.4938501099854386
compas,race,17,0.2391671950961741,5.0,5,100.0,0.3108038448359286,0.5413990024389772,1.0,0.9486832980505139,0.4286015439861593
compas,race,18,0.2938508596139647,5.0,5,100.0,0.2896378752938178,0.4844043922586034,0.15789473684210528,0.3333333333333334,0.4504903301749935
compas,race,19,0.2290294782368339,5.0,5,100.0,0.2745736696127328,0.5484670772973839,0.6842105263157895,0.9486832980505139,0.4881989832970225
compas,race,20,0.2229728631123685,5.0,5,100.0,0.2711991094481226,0.4918772890258535,1.0,1.0,0.4586245523247558
compas,race,21,0.2350535746223761,5.0,5,100.0,0.3159667327019979,0.5507331567420264,0.6842105263157895,0.9486832980505139,0.4830164230388445
compas,race,22,0.2389720826626343,5.0,5,100.0,0.2579160839132158,0.5268387270126883,0.6842105263157895,1.0,0.5035973444495908
compas,race,23,0.2712631904134758,5.0,5,100.0,0.2798163501030081,0.5387343547247999,0.6842105263157895,0.3333333333333334,0.4697197539302803
compas,race,24,0.2012608212376169,5.0,5,100.0,0.2877548323042565,0.5292977408096496,1.0,1.0,0.5002023031434797
compas,race,25,0.2579409831809368,5.0,5,100.0,0.2712785232237734,0.5209451630831357,0.6842105263157895,0.316227766016838,0.4452695269526953
compas,race,26,0.2814334260117392,5.0,5,100.0,0.3027096730299889,0.510030700441942,0.6842105263157895,1.0,0.4510668723288024
compas,race,27,0.2751816984537339,3.0,5,50.0,0.264082162413898,0.4924973321843584,1.0,1.0,0.5088270066462168
compas,race,28,0.2612230297709055,5.0,5,100.0,0.2664973133648672,0.5116849241951217,0.6842105263157895,1.0,0.4306708160442599
compas,race,29,0.251052794172642,5.0,5,100.0,0.2703450217874661,0.5410343673619146,1.0,1.0,0.4357558139534884
compas,sex,0,0.1513484540735726,5.0,5,100.0,0.135575848899478,0.6000910916188774,0.6842105263157895,0.3333333333333334,0.5142032476431746
compas,sex,1,0.1688670728955089,5.0,5,100.0,0.1273643181737635,0.5668840263462623,1.0,1.0,0.4535405485986881
compas,sex,2,0.1598679756262694,5.0,5,100.0,0.1559955716374517,0.5645218161650165,1.0,0.9486832980505139,0.4757964063282984
compas,sex,3,0.1288930264048747,5.0,5,100.0,0.1006264825755171,0.5806556454095861,1.0,1.0,0.507970093457944
compas,sex,4,0.1294431279620853,5.0,5,100.0,0.1144262127390308,0.5254201312492964,1.0,1.0,0.462335091373783
compas,sex,5,0.1398809523809523,5.0,5,100.0,0.1099871154814762,0.5748872286424644,1.0,1.0,0.4745374410891953
compas,sex,6,0.1524486571879936,5.0,5,100.0,0.144919368311459,0.5621480095616279,0.6842105263157895,0.3333333333333334,0.5238259767930667
compas,sex,7,0.1998420221169036,5.0,5,100.0,0.1364713061158666,0.5811129146574495,1.0,0.9486832980505139,0.5892540098101171
compas,sex,8,0.0805405100428797,5.0,5,100.0,0.0889990980464955,0.5700872035997511,0.6842105263157895,0.3333333333333334,0.47851960919646
compas,sex,9,0.1336323628977657,5.0,5,100.0,0.1221845811585509,0.5526760620801704,1.0,1.0,0.4056678471682358
compas,sex,10,0.1540989618596253,5.0,5,100.0,0.1336011491163945,0.5678379959053297,1.0,0.9486832980505139,0.4815670546521934
compas,sex,11,0.1419403069284585,5.0,5,100.0,0.1171332297694747,0.5469054571491495,1.0,1.0,0.4850873860182371
compas,sex,12,0.1257334687429474,5.0,5,100.0,0.1164211828475903,0.5648129356695365,0.6842105263157895,0.316227766016838,0.465236643437863
compas,sex,13,0.1199644549763033,5.0,5,100.0,0.0983768588264685,0.5221930879270641,1.0,1.0,0.5518429995284783
compas,sex,14,0.1677668697810878,5.0,5,100.0,0.1553526934780771,0.536138234456492,0.6842105263157895,0.3333333333333334,0.4577802736369206
compas,sex,15,0.1302730897114672,5.0,5,100.0,0.1125276272124006,0.562139196652283,1.0,0.9486832980505139,0.4376923076923077
compas,sex,16,0.1762158654931166,5.0,5,100.0,0.1217688716163396,0.4998963036699808,1.0,0.9486832980505139,0.5032166305588173
compas,sex,17,0.0794403069284585,5.0,5,100.0,0.1112329504451735,0.4933545299972334,1.0,0.9486832980505139,0.4704902085858263
compas,sex,18,0.150939404197698,5.0,5,100.0,0.1461283450509746,0.5532672527334881,1.0,0.9486832980505139,0.4584298584298584
compas,sex,19,0.136518177649161,5.0,5,100.0,0.1158925267287383,0.5686550766264513,1.0,1.0,0.5039980221798404
compas,sex,20,0.0453058000451365,5.0,5,100.0,0.0889813551487257,0.5458660881020722,0.6842105263157895,0.3333333333333334,0.4662198665440157
compas,sex,21,0.1335618370570977,5.0,5,100.0,0.1499552702687317,0.536683368161537,1.0,1.0,0.4900840919489453
compas,sex,22,0.0892752660625899,5.0,5,100.0,0.1015807126307226,0.5189324184100707,1.0,1.0,0.4708400214018192
compas,sex,23,0.139285544855069,5.0,5,100.0,0.1342168662700068,0.4863574394803966,0.6842105263157895,0.3333333333333334,0.4556616319939204
compas,sex,24,0.2596620401715189,5.0,5,100.0,0.1779929128824806,0.5428645310774499,1.0,0.9486832980505139,0.5252348779214754
compas,sex,25,0.1232134133850202,5.0,5,100.0,0.1033178773680573,0.5539321785065909,1.0,0.9486832980505139,0.4684490897804212
compas,sex,26,0.208700067704807,5.0,5,100.0,0.1389635656745077,0.50498287051508,0.6842105263157895,0.3333333333333334,0.495838565311182
compas,sex,27,0.1646073121191604,5.0,5,100.0,0.1353340531272425,0.6114297565258657,0.6842105263157895,0.3333333333333334,0.5215817300631518
compas,sex,28,0.1578086210787632,5.0,5,100.0,0.1502571805578938,0.4989154972429671,1.0,0.9486832980505139,0.4176482695291472
compas,sex,29,0.208700067704807,5.0,5,100.0,0.1528489714933071,0.5764872651443571,1.0,1.0,0.4541764010267947
credit,age,0,0.1909860238492114,10.0,22,42.857142857142854,0.1536355837541708,0.671252386433829,0.7673630717108978,0.36233766233766235,0.7661187249281854
credit,age,1,0.1386395691755353,13.0,21,60.0,0.1574582560198335,0.7518434606393366,0.9051948051948051,0.16691729323308271,0.8403318077803204
credit,age,2,0.148352352865752,13.0,22,57.142857142857146,0.1192781171227248,0.6967458832698941,0.9514398644833428,0.3194805194805195,0.8068198992443325
credit,age,3,0.1215540453904346,13.0,22,57.142857142857146,0.1309845638134378,0.7682082670360997,0.9209486166007905,0.11038961038961038,0.8736179922594959
credit,age,4,0.1724900628285677,9.0,23,36.36363636363637,0.1444734115769578,0.7695683491377727,0.9167284688065858,0.2507766267750425,0.8095948907867886
credit,age,5,0.1711597640723169,15.0,23,63.63636363636363,0.1370974075145793,0.6796594302942759,0.983201581027668,0.1518915866741954,0.7425601743615087
credit,age,6,0.1500032055391716,14.0,22,61.904761904761905,0.148313751077664,0.7334034712347165,0.9661208356860531,0.2545454545454545,0.80823392346073
credit,age,7,0.1498410654649338,14.0,22,61.904761904761905,0.1318153994815367,0.705316486258296,0.8972332015810277,0.2831168831168831,0.7995295215751567
credit,age,8,0.1739005000641107,10.0,21,45.0,0.1414842847118909,0.7358280647687258,0.8584415584415584,0.4195488721804511,0.8514399393709738
credit,age,9,0.2591678420310296,10.0,23,40.90909090909091,0.1619116373287241,0.7504518814590441,0.9930830039525691,0.09203839638622249,0.7666527761993156
credit,age,10,0.1783722272086165,9.0,22,38.095238095238095,0.1359701925262622,0.7309263721619632,0.9299830604178432,0.1948051948051948,0.8038337240985995
credit,age,11,0.1001570714194127,19.0,22,85.71428571428571,0.1337875305360803,0.7599941265120076,0.9367588932806326,-0.0025974025974025974,0.8393971483680648
credit,age,12,0.0691432288523182,21.0,23,90.9090909090909,0.1411729983832472,0.717734352433468,0.8784584980237155,0.1902879728966686,0.8413328294280675
credit,age,13,0.2036799589690985,9.0,22,38.095238095238095,0.1426767042871913,0.7585473898019769,0.9220779220779223,0.1961038961038961,0.7804013571978153
credit,age,14,0.1767213745351968,11.0,23,45.45454545454545,0.1488232264855444,0.7853021859323808,0.9812252964426879,0.15302089215132694,0.904701629763974
credit,age,15,0.1481920759071675,12.0,22,52.38095238095238,0.1145508011846363,0.7266559801565824,0.9774138904573689,0.26233766233766237,0.841520416262457
credit,age,16,0.1953776125144249,8.0,22,33.333333333333336,0.1262633688645612,,,0.3675324675324675,0.8307349806384884
credit,age,17,0.1938870367995896,11.0,22,47.61904761904762,0.150569376274798,0.756179557883154,0.9728966685488425,0.37272727272727274,0.8191657200555346
credit,age,18,0.1628526994001332,14.0,23,59.09090909090909,0.1691252918465867,0.7358100953407888,0.9802371541501977,0.41614906832298143,0.8018777386319152
credit,age,19,0.1948892823133358,11.0,23,45.45454545454545,0.1621705567453412,0.7287561561207305,0.9604743083003953,0.30095990965556185,0.7800416324985806
credit,age,20,0.1705830282058504,12.0,23,50.0,0.1515445629664958,0.7334192986847018,0.9634387351778656,0.4059853190287973,0.7737730544734819
credit,age,21,0.2009392229773047,11.0,23,45.45454545454545,0.1479187100687614,0.7389739898089519,0.9219367588932808,0.07284020327498589,0.769036523929471
credit,age,22,0.1866745736632901,10.0,22,42.857142857142854,0.1322871700455633,0.7291485240739981,0.9491812535290796,0.2597402597402597,0.7891932741356509
credit,age,23,0.1441210411591229,12.0,23,50.0,0.1232845152224773,0.7091313891965197,0.9436758893280633,0.33709768492377196,0.7993198992443326
credit,age,24,0.1069644456114129,17.0,22,76.19047619047619,0.1187932490126913,0.7171366016803086,0.9683794466403164,0.3064935064935065,0.813554080608451
credit,age,25,0.2050903962046416,11.0,22,47.61904761904762,0.1467533295652499,0.7004817877060693,0.9932241671372107,0.2792207792207792,0.7724877064682889
credit,age,26,0.1710796255930247,13.0,22,57.142857142857146,0.124158389321282,0.7471631149219142,0.9728966685488425,0.425974025974026,0.8022146870444085
credit,age,27,0.1440409026798307,14.0,22,61.904761904761905,0.1471971061508983,0.7297633580347721,0.9107848673066066,0.28181818181818186,0.7917280638782886
credit,age,28,0.1568951147583023,12.0,23,50.0,0.1371118515453444,0.7111842907482618,0.9664031620553359,0.2648221343873518,0.8671377112773622
credit,age,29,0.1020701726149759,16.0,22,71.42857142857143,0.1290838744145722,0.7681413981552514,0.9584863415253313,0.2812601642331757,0.86689927069819
credit,sex,0,0.066531630460218,23.0,23,100.0,0.0583012168065428,0.6734483076373647,0.892292490118577,-0.07058159232072277,0.7992314655963738
credit,sex,1,0.0535432513025948,20.0,23,86.36363636363636,0.0586893331495062,0.7247359767777695,0.9792490118577075,0.3822699040090345,0.7690670338485248
credit,sex,2,0.0847456537806484,21.0,23,90.9090909090909,0.1106777169727325,0.730219209406424,0.8814229249011858,0.17673630717108982,0.8300618786772165
credit,sex,3,0.0388620891754204,22.0,23,95.45454545454545,0.0531271098129904,0.7406151685270266,0.9555335968379446,0.2930547713156409,0.8137249949484745
credit,sex,4,0.0373571546647603,22.0,22,100.0,0.0427771068247536,0.7536927678237473,0.9299830604178432,0.17922077922077922,0.8365459384621221
credit,sex,5,0.0177930060261785,21.0,21,100.0,0.0501718627858389,0.7676607872973447,0.996103896103896,0.4526315789473684,0.7915820377998393
credit,sex,6,0.0551544543699992,22.0,22,100.0,0.0689236418384827,0.7455448572824691,0.9785431959345003,0.43636363636363634,0.8267180150888601
credit,sex,7,0.0290639135596531,21.0,21,100.0,0.0534892386931962,0.6975521754865097,0.9779220779220777,0.5759398496240601,0.7991597011988856
credit,sex,8,0.0534369827458506,21.0,22,95.23809523809524,0.0567626672283314,0.7787385560620393,0.9243365330321853,0.12207792207792208,0.9270294672904869
credit,sex,9,0.0330548882462683,22.0,23,95.45454545454545,0.0463857688099597,0.7430569865779555,0.9782608695652174,0.4568040654997177,0.7714186479744877
credit,sex,10,0.0197477034184125,22.0,22,100.0,0.047276839723599,0.770541694516224,0.9412761151891589,0.16623376623376623,0.8620624289144446
credit,sex,11,0.0397616149385682,22.0,23,95.45454545454545,0.0632888238436085,0.7578018814318925,0.9792490118577075,0.41276115189158674,0.8218622714786398
credit,sex,12,0.0303069336476307,21.0,21,100.0,0.0464200048686078,0.7570366902272918,0.9922077922077923,0.4330827067669173,0.8035962320377806
credit,sex,13,0.014672707991902,22.0,22,100.0,0.0216035642506091,0.7493428504908208,0.9751552795031055,0.2324675324675325,0.8160902103559871
credit,sex,14,0.0482534785822166,21.0,22,95.23809523809524,0.0442354761540993,0.7644002608005451,0.9446640316205535,0.26883116883116887,0.8263658482636584
credit,sex,15,0.0432706241506566,22.0,22,100.0,0.083140418808972,0.7642480516422078,0.9649915302089217,0.212987012987013,0.7912360688956434
credit,sex,16,0.029988127977398,23.0,23,100.0,0.0565127170223173,0.7453378792545396,0.9664031620553359,0.2636928289102203,0.7740261388148713
credit,sex,17,0.0231504440737567,22.0,22,100.0,0.053316320616232,0.7603458211410382,0.9808018068887635,0.4753246753246753,0.792589772871463
credit,sex,18,0.0218333580219879,23.0,23,100.0,0.0400708968368965,0.782504755618269,0.9891304347826088,0.2930547713156409,0.8241358399029715
credit,sex,19,0.0353777686179291,22.0,22,100.0,0.044730069011713,0.7522790037418027,0.9672501411631848,0.33766233766233766,0.8124497763266959
credit,sex,20,0.035296764034834,21.0,22,95.23809523809524,0.0487924437348915,0.7115487912031255,0.9220779220779223,0.251948051948052,0.8417037668529569
credit,sex,21,0.0509913557633599,22.0,23,95.45454545454545,0.0718921343918412,0.7486478713903233,0.9782608695652174,0.24675324675324675,0.8692325176149709
credit,sex,22,0.0516726115877759,21.0,22,95.23809523809524,0.0416483818806338,0.7450790732337759,0.9311123658949747,0.22337662337662337,0.8645604464984722
credit,sex,23,0.0603554098782094,21.0,22,95.23809523809524,0.0927700686928753,0.720674399006006,0.7063805759457934,0.24545454545454545,0.8568687253780658
credit,sex,24,0.0489347344066325,20.0,21,95.0,0.0525172110419943,0.7384680586450839,0.9935064935064933,0.4195488721804511,0.7609126984126985
credit,sex,25,0.0439924162087471,22.0,22,100.0,0.0461282035989467,0.7471083497865795,0.9920948616600791,0.24545454545454545,0.8465919135288027
credit,sex,26,0.0153411099328384,23.0,23,100.0,0.0132600991212314,0.691921636883593,0.9278656126482213,0.20158102766798422,0.8589818940183903
credit,sex,27,0.0119348308107586,22.0,22,100.0,0.0299573083828761,0.741924296087624,0.9920948616600791,0.38571428571428573,0.806532663316583
credit,sex,28,0.0230194868624155,22.0,22,100.0,0.029427785423335,0.7504963898721265,0.9706380575945794,0.3155844155844156,0.8189440304423656
credit,sex,29,0.0329239310349268,23.0,23,100.0,0.0439035417528902,0.7398944020188762,0.9851778656126482,0.2930547713156409,0.7571375321417967
diabetes,race,0,0.0337835997480551,27.0,32,83.87096774193549,0.050516028119664,0.321421975754862,0.7290062339567291,0.2972673202569088,0.4300847851984215
diabetes,race,1,0.030421377183967,29.0,33,87.5,0.0312232140623052,0.3490863804989338,0.9455031761952525,0.405536714509786,0.4320162304953179
diabetes,race,2,0.0182117163412127,29.0,32,90.3225806451613,0.0173074360870589,0.3457904839091673,0.7301063439677302,0.24808390480032275,0.3927047138527932
diabetes,race,3,0.0462076053442959,21.0,32,64.51612903225806,0.0494486777411377,0.3218054920768892,0.8239823982398241,0.5453262102948991,0.3930170214673906
diabetes,race,4,0.0517985611510791,23.0,33,68.75,0.0620924324329602,0.3849038925316816,0.8592443998662656,0.39450046492383684,0.4480919579289171
diabetes,race,5,0.0182191920739491,29.0,32,90.3225806451613,0.0202794502546685,0.3483499098657217,0.8632196552988634,0.5001008369476826,0.4571639809282394
diabetes,race,6,0.0519244846194439,22.0,33,65.625,0.0559901439349969,0.3434982309255501,0.8475426278836509,0.45902842201175065,0.3947019414336922
diabetes,race,7,0.0054338389254889,32.0,32,100.0,0.0420881832535071,0.3418016938449322,0.6883021635496884,0.5489563403930161,0.5396656952648524
diabetes,race,8,0.019537647038796,29.0,33,87.5,0.0194672186906435,0.3476499041334229,0.8194583751253762,0.19910166001701066,0.4560538937921403
diabetes,race,9,0.0769167523124356,19.0,33,56.25,0.0548351777389685,0.357440689156731,0.8565697091273823,0.2999358340587748,0.5449521108507314
diabetes,race,10,0.0697225077081191,20.0,32,61.29032258064516,0.0280662922513728,0.3130376676046481,0.735973597359736,0.21496269846218932,0.392548781513847
diabetes,race,11,0.0204727646454265,32.0,33,96.875,0.0319599813207416,0.3721117001696433,0.8682714811099966,0.3663366336633664,0.415764319490699
diabetes,race,12,0.0086691180225729,32.0,32,100.0,0.0181600755721963,0.3198682993224336,0.8192152548588194,0.33958460057253925,0.3403438671771201
diabetes,race,13,0.0213455220196449,31.0,33,93.75,0.0348707857923532,0.3263393497423465,0.8786359077231696,0.24383536631917507,0.3548428973064931
diabetes,race,14,0.0638437821171634,21.0,32,64.51612903225806,0.0210463447401577,0.3241734140068346,0.7260726072607261,0.33279548204921344,0.5125136951040828
diabetes,race,15,0.0207948181059871,32.0,33,96.875,0.0362073017094101,0.3979669569386189,0.8809762621196924,0.218535155377787,0.5362163916810315
diabetes,race,16,0.0318602261048304,31.0,32,96.7741935483871,0.0423582849774629,0.3559994935664797,0.7854785478547855,0.5755772944458736,0.4745644404735313
diabetes,race,17,0.0781500513874614,14.0,33,40.625,0.028977252833849,0.4721199921908953,0.7897024406552993,0.4803373381625855,0.4955571532276078
diabetes,race,18,0.0419321685508735,26.0,32,80.64516129032258,0.0244167378262005,0.3163639565035391,0.67986798679868,0.4747403472759588,0.4501480924163002
diabetes,race,19,0.0209660842754367,31.0,33,93.75,0.0213468383881212,0.3472025985155065,0.8742895352724841,0.7281393339579367,0.4145570267891861
diabetes,race,20,0.0638026721479958,22.0,32,67.74193548387096,0.0446556303504235,0.3808470533858761,0.7858452511917859,0.4138765631302946,0.4294967327754213
diabetes,race,21,0.0339979445015415,27.0,33,81.25,0.0092128635090726,0.345367585336217,0.8615847542627884,0.28380236621209254,0.5208752515090542
diabetes,race,22,0.0324357656731757,29.0,33,87.5,0.0273073777793733,0.403974263889605,0.8659311267134738,0.3567696412459509,0.3919161670341519
diabetes,race,23,0.025946921335308,30.0,33,90.625,0.0390006232713271,0.3905171403080009,0.8288197927114678,0.32153987708011605,0.5350935836477043
diabetes,race,24,0.0233915724563206,31.0,32,96.7741935483871,0.0401671687942548,0.2572307062095065,0.767876787678768,0.44771604543442167,0.3831341256366723
diabetes,race,25,0.0751221422126892,20.0,33,59.375,0.0399630143304188,0.26661054806276,0.7432296890672017,0.3241063299188399,0.2940896193969964
diabetes,race,26,0.0439465570400822,28.0,32,87.09677419354838,0.0169777922701164,0.3293203557855812,0.8690869086908692,0.2940701895925777,0.3591470376791981
diabetes,race,27,0.0145285395706722,32.0,33,96.875,0.0143801559845853,0.3686175921109809,0.8378468739551989,0.4209368429088918,0.618328147037095
diabetes,race,28,0.0220179425633691,29.0,32,90.3225806451613,0.0214861078576757,0.3669438835959714,0.7444760277004089,0.4461926396874322,0.4482755765819042
diabetes,race,29,0.0396300102774922,24.0,33,71.875,0.0233197954242949,0.2814639453042695,0.7325309261116684,0.6596993032636598,0.4286195058047612
diabetes,sex,0,0.0556126551674557,21.0,33,62.5,0.025273939142933,0.4111566605807248,0.49983283182881977,0.355302962350798,0.4676412793061391
diabetes,sex,1,0.0475607223308002,28.0,33,84.375,0.0659859471546107,0.3897520198745309,0.9050484787696423,0.15032080912525378,0.4453346885964613
diabetes,sex,2,0.0571410313077467,17.0,33,50.0,0.0760692886058276,0.3555600962165574,0.8318288197927115,0.289302412068916,0.552315089771118
diabetes,sex,3,0.0588504694298145,21.0,33,62.5,0.0517515996402526,0.3746240617661489,0.7238381812102976,0.4575618775324799,0.4739566542935828
diabetes,sex,4,0.0667517535652671,19.0,33,56.25,0.0683467216776461,0.3340261858876068,0.840187228351722,0.5004583035511498,0.4971773408604243
diabetes,sex,5,0.08543462863655,17.0,32,51.61290322580645,0.0501157807649589,0.3002123883469732,0.8023469013568024,0.10850055515482832,0.3794710806697108
diabetes,sex,6,0.0584265773975306,20.0,33,59.375,0.0360961865987657,0.30754489596999,0.7780006686726848,0.3142359532865159,0.5575099037917375
diabetes,sex,7,0.1090046383819449,12.0,33,34.375,0.070162454630518,0.3373430143991235,0.7783350050150452,0.6912357902456914,0.6041087917030452
diabetes,sex,8,0.0393631461962371,26.0,34,75.75757575757575,0.0193226095080573,0.3349857858916922,0.7970349992358247,0.4342303253031387,0.3824387768049739
diabetes,sex,9,0.0357359566056817,32.0,33,96.875,0.0596532628116765,0.3282864121378608,0.5844199264460047,0.5411549128509137,0.481505376344086
diabetes,sex,10,0.1052715663459028,12.0,33,34.375,0.0623522927999829,0.2650421373285748,0.7435640254095621,0.34833623759882154,0.2664573820395738
diabetes,sex,11,0.0772271766111979,18.0,33,53.125,0.084795681355777,0.341356664845546,0.7897024406552993,0.41356554315435673,0.4893628955539999
diabetes,sex,12,0.0736496237638525,21.0,32,64.51612903225806,0.0553834493166845,0.2949851676201511,0.8632196552988634,0.07461181841558166,0.3184057249389178
diabetes,sex,13,0.0829157369488926,15.0,33,43.75,0.081457205730107,0.3793400244946027,0.8034102306920762,0.42313686125162114,0.3863838153221715
diabetes,sex,14,0.0673071290492648,23.0,33,68.75,0.0417720915032135,0.3211089433771669,0.8127716482781678,0.283069026764516,0.3832035394397811
diabetes,sex,15,0.0868298709667112,14.0,33,40.625,0.1004378598904795,0.3672813183483984,0.7810096957539284,0.15804913824715808,0.4890541089348147
diabetes,sex,16,0.0683655203370305,17.0,32,51.61290322580645,0.0543055662228061,0.2641421011111423,0.7986798679867987,0.5283856031703534,0.4842327832565207
diabetes,sex,17,0.0660929487008802,22.0,33,65.625,0.0552764057217712,0.3622065395176799,0.8197927114677366,0.5323556459752891,0.4067471128768602
diabetes,sex,18,0.0458512842087325,24.0,32,74.19354838709677,0.0742619261171902,0.3930842519158531,0.9083241657499086,0.436869705526422,0.4196103731280141
diabetes,sex,19,0.0444629520466824,21.0,33,62.5,0.0248263822987527,0.2951297849641541,0.7395519893012371,0.5059578453484151,0.4711645326292299
diabetes,sex,20,0.1093188341738514,8.0,32,22.580645161290324,0.0843142347875375,0.383466292008934,0.8210487715438212,0.33481242436466324,0.6019831052084745
diabetes,sex,21,0.0610551653255654,23.0,33,68.75,0.0799899945707451,0.3274980644909313,0.8916750250752257,0.31059772643931066,0.42692699762458
diabetes,sex,22,0.0606504385427705,24.0,32,74.19354838709677,0.0734335883344925,0.3119900704258312,0.8232489915658234,0.5388726456760246,0.3754888300059391
diabetes,sex,23,0.0167482333143396,31.0,33,93.75,0.030586517148873,0.3437402866889581,0.6776997659645604,0.46493720976347974,0.4551626256652868
diabetes,sex,24,0.0618646188911551,22.0,33,65.625,0.0709001952418382,0.3479384323754381,0.8582413908391843,0.5603226989365604,0.426558888925399
diabetes,sex,25,0.0373497233774451,26.0,33,78.125,0.0498538214538895,0.4123842833171728,0.8512203276496155,0.5390044939687029,0.5352290026976193
diabetes,sex,26,0.0753590618859203,19.0,33,56.25,0.0340253780881211,0.3124127691926416,0.7726512871949182,0.4499037510881621,0.4565781791957141
diabetes,sex,27,0.0678929178138363,23.0,33,68.75,0.0679130190472689,0.2368356939585514,0.7749916415914411,0.5566556655665568,0.4647355805416922
diabetes,sex,28,0.0266071418914168,30.0,33,90.625,0.0372948999695716,0.2883350304474026,0.6690070210631897,0.07699358516171537,0.3754597509476858
diabetes,sex,29,0.0754809122325035,18.0,33,53.125,0.047511712735735,0.2637741607527528,0.6706787027749916,0.2434463835589476,0.4618203440455777
dutch,sex,0,0.0479142544509205,13.0,19,66.66666666666667,0.0168699942317464,0.5998910725840354,0.8665496049165935,0.7603305785123968,0.7687670485542826
dutch,sex,1,0.0203446174032033,20.0,20,100.0,0.0290412238717034,0.6041015422237749,0.8961625282167042,0.4978050921861282,0.7984882005899705
dutch,sex,2,0.0762757918391426,11.0,19,55.55555555555556,0.022023655197709,0.6037117689562378,0.8191395961369622,0.6714876033057852,0.7758161065226525
dutch,sex,3,0.0373355919424446,18.0,19,94.44444444444444,0.0213883685015615,0.610842666799361,0.7647058823529411,0.36157024793388437,0.7534875294401835
dutch,sex,4,0.0374812428551495,14.0,19,72.22222222222223,0.0539155178335946,0.6433620476700762,0.8542581211589113,0.5805785123966942,0.8214438502673796
dutch,sex,5,0.056781824724426,13.0,21,60.0,0.0490413973030879,0.6366465198701157,0.806367771280052,0.6433408577878104,0.763311209439528
dutch,sex,6,0.0501920388924655,16.0,20,78.94736842105263,0.0028829006795455,0.5849254008639273,0.8465011286681714,0.5820895522388059,0.8071557761871777
dutch,sex,7,0.0460893341917353,16.0,21,75.0,0.0570362066086419,0.6085289143655038,0.8765432098765432,0.8058690744920991,0.7608526421833501
dutch,sex,8,0.0325502141263044,13.0,18,70.58823529411765,0.0642447211377492,0.5928391223527627,0.8534571723426212,0.4558823529411765,0.819328288862339
dutch,sex,9,0.0401457977875748,15.0,20,73.6842105263158,0.0160420645179191,0.6235710686174958,0.8976674191121142,0.7963125548726953,0.7731687977004659
dutch,sex,10,0.04245540511761,16.0,19,83.33333333333333,0.0243773839014352,0.5791515687824725,0.8928884986830554,0.6652892561983472,0.7971995032758104
dutch,sex,11,0.0383105132999577,16.0,20,78.94736842105263,0.0396617020223256,0.6524391267947062,0.9082016553799848,0.7980684811237928,0.7627069989414572
dutch,sex,12,0.0370124672285446,17.0,19,88.88888888888889,0.0374164082908392,0.6190363919813119,0.8946444249341527,0.6012396694214877,0.7529823604291689
dutch,sex,13,0.0571367723268161,12.0,19,61.111111111111114,0.0092133302463608,0.6191080789347521,0.803336259877085,0.5206611570247934,0.7862226186936268
dutch,sex,14,0.0477367806497254,14.0,19,72.22222222222223,0.0430432384532367,0.6157739356367907,0.8296751536435469,0.8223140495867769,0.7837292788512301
dutch,sex,15,0.0605932275997464,15.0,21,70.0,0.0149134388798556,0.6013818126261785,0.9012345679012346,0.712565838976674,0.778842453628877
dutch,sex,16,0.0475903251100789,16.0,19,83.33333333333333,0.0443639110457469,0.6221573628566267,0.8296751536435469,0.7272727272727274,0.7723870545678442
dutch,sex,17,0.0528247709364007,14.0,19,72.22222222222223,0.0324857181130684,0.5571692824928515,0.9016681299385425,0.5309917355371901,0.7583089240382738
dutch,sex,18,0.0437956383059452,15.0,19,77.77777777777777,0.0208957588135248,0.5958382601094289,0.8665496049165935,0.7004132231404959,0.7948402706096607
dutch,sex,19,0.0469289688649754,14.0,19,72.22222222222223,0.033247398430335,0.6227642201226544,0.8542581211589113,0.6053719008264463,0.7792032994171689
dutch,sex,20,0.0597695043707513,16.0,19,83.33333333333333,0.0321959453761933,0.6060407889461684,0.8542581211589113,0.615702479338843,0.7748681578468812
dutch,sex,21,0.0461095361602027,16.0,20,78.94736842105263,0.0495863478056109,0.633223665651454,0.911211437170805,0.7401229148375768,0.7734368151478341
dutch,sex,22,0.049837143374148,15.0,18,82.3529411764706,0.0355050104718901,0.6025030977134428,0.8698347107438019,0.6957055214723927,0.7678784033074719
dutch,sex,23,0.0391609867905181,15.0,18,82.3529411764706,0.0482011457324937,0.566243448570968,0.847107438016529,0.5828220858895705,0.794640697205595
dutch,sex,24,0.0505579347367152,16.0,20,78.94736842105263,0.0395665750431584,0.5670501374090821,0.929270127915726,0.7366110623353819,0.7851485148514851
dutch,sex,25,0.0515320586283852,14.0,19,72.22222222222223,0.0402092758341454,0.6135060495029345,0.8612818261633011,0.7520661157024794,0.8402562684365782
dutch,sex,26,0.0542010977742927,14.0,19,72.22222222222223,0.0541938978380072,0.6186401970138478,0.9069359086918349,0.5103305785123967,0.7908202148181667
dutch,sex,27,0.0622082152120151,14.0,19,72.22222222222223,0.0354474821147796,0.6065467709843413,0.8173836698858647,0.5123966942148761,0.8102836426766065
dutch,sex,28,0.0588183847035406,15.0,20,73.6842105263158,0.0865331344025452,0.5864340002014384,0.8750940556809631,0.7647058823529411,0.7881770529994176
dutch,sex,29,0.0482266722962784,13.0,20,63.1578947368421,0.0165777141652094,0.6010264913074815,0.8465011286681714,0.5188762071992975,0.7599498907539937
german,age,0,0.1283444816053511,24.0,38,62.16216216216216,0.1055477642900922,0.582260072357363,0.7467031474927297,0.5988144677529127,0.6901408450704225
german,age,1,0.1337792642140468,20.0,39,50.0,0.1022393682631229,0.5776324430840446,0.7378011781074789,0.2536798909406635,0.55
german,age,2,0.221571906354515,18.0,37,47.22222222222222,0.1393880159535356,0.569028700037269,0.8672556015520161,0.327775995812448,0.4705882352941176
german,age,3,0.1805555555555555,17.0,37,44.44444444444444,0.106647659943396,0.5797785622571604,0.679352659916778,0.5521946242165444,0.631578947368421
german,age,4,0.2107023411371237,9.0,36,22.857142857142858,0.1362952427422733,0.5657334864921708,0.5617558098782262,0.3810057468391669,0.5726351351351351
german,age,5,0.1074870274277242,26.0,36,71.42857142857143,0.1838144480218832,0.4751516954051269,0.6918967639998775,0.3556769638198705,0.5344655344655345
german,age,6,0.1388888888888889,23.0,37,61.111111111111114,0.1340925538301233,0.3718699868328564,0.7662122110254891,0.4830737546659801,0.4946524064171123
german,age,7,0.1882876204595996,16.0,37,41.666666666666664,0.1765288418809998,0.4555904490299136,0.7912244640640217,0.49810108791692487,0.5474525474525475
german,age,8,0.0474425500370644,37.0,37,100.0,0.0881670241366559,0.5511953596871656,0.799170124481328,0.6269386717403354,0.4943820224719101
german,age,9,0.1668060200668896,20.0,37,52.77777777777778,0.1764812734511737,0.6570599732962182,0.7131001778304683,0.41225304158987763,0.5783132530120482
german,age,10,0.1104521868050407,25.0,38,64.86486486486487,0.1272312992638902,0.551562203769536,0.7033712953128236,0.32544904912243555,0.5416666666666667
german,age,11,0.2965159377316531,6.0,36,14.285714285714286,0.2052708341954142,0.5542953650247116,0.6566261196583025,0.3430692730976223,0.5236486486486487
german,age,12,0.0793180133432172,35.0,39,89.47368421052632,0.0502442133109027,0.4338975785678374,0.775764328737323,0.35031464220305264,0.4836488812392426
german,age,13,0.2107023411371237,15.0,39,36.8421052631579,0.1760907663486307,0.5387421932931512,0.7461281506225326,0.4725064295522382,0.5581395348837209
german,age,14,0.3209785025945144,5.0,37,11.11111111111111,0.1950685634613417,0.6107849526955845,0.7066982809721399,0.41173820794443283,0.6127819548872181
german,age,15,0.1111111111111111,25.0,37,66.66666666666667,0.1042639528242786,0.4227160751872873,0.8590906411443233,0.4346762811140491,0.3873709775349119
german,age,16,0.1613712374581939,16.0,35,44.11764705882353,0.1071155294282832,0.47065488026913,0.7671079377225724,0.31632029709179815,0.5138888888888888
german,age,17,0.2016308376575241,9.0,34,24.242424242424242,0.0463935023355824,0.6360127842703006,0.5565828701203274,0.48240702216122777,0.6842105263157895
german,age,18,0.1998327759197323,20.0,37,52.77777777777778,0.1511416460999897,0.5626801236818627,0.6601458307882407,0.514771192415909,0.5176470588235295
german,age,19,0.0474425500370644,35.0,35,100.0,0.116981415569474,0.4393803705040369,0.8019330438436755,0.519559902200489,0.478711162255466
german,age,20,0.2102842809364548,7.0,36,17.142857142857142,0.1624209240453863,0.5075326018866522,0.7094033611913164,0.4055473848989859,0.5017261219792866
german,age,21,0.1663879598662208,15.0,35,41.1764705882353,0.1769579885188628,0.4565560979656108,0.7229303824064994,0.4529339853300734,0.5679012345679012
german,age,22,0.173461823573017,20.0,36,54.285714285714285,0.1093139674409839,0.5208477030838927,0.8169648603423862,0.6368793348484668,0.6352941176470588
german,age,23,0.2616753150481838,10.0,37,25.0,0.1974686626874514,0.5292153429789492,0.768346176644932,0.6226026515639077,0.5731707317073171
german,age,24,0.2324414715719063,9.0,37,22.22222222222222,0.2005574822477767,0.6406219283687429,0.6760329610550555,0.29992920188273764,0.5546605293440736
german,age,25,0.1831103678929766,15.0,36,40.0,0.108519419809589,0.5288151462164162,0.8537778349851975,0.5024513237148059,0.5420023014959723
german,age,26,0.1845811712379541,13.0,36,34.285714285714285,0.0848154891983418,0.5396968114803266,0.5316683875156673,0.43496532991756526,0.375
german,age,27,0.2600334448160536,10.0,39,23.68421052631579,0.1854666864976821,0.5660457766630796,0.6764854742382831,0.3838914423287371,0.5416666666666666
german,age,28,0.1337792642140468,22.0,34,63.63636363636363,0.1190758854406892,0.5356829566325526,0.6671760391198044,0.4049807788734749,0.5448717948717948
german,age,29,0.2579688658265381,11.0,38,27.027027027027028,0.1665661946601137,0.52356664112734,0.8067410811993871,0.6141900313083123,0.48
german,sex,0,0.1280041797283176,21.0,37,55.55555555555556,0.0711129734535314,0.4705227622095225,0.7666864256075876,0.3677435963444458,0.5596205962059619
german,sex,1,0.0881431767337808,32.0,39,81.57894736842105,0.116815644433454,0.5585846187388959,0.8364630268344777,0.556795801101549,0.6049382716049383
german,sex,2,0.0193312434691744,36.0,36,100.0,0.0870664179337964,0.4166166836688976,0.7717062511961426,0.4731755194201123,0.5733333333333333
german,sex,3,0.0560344827586206,33.0,37,88.88888888888889,0.0593587082623869,0.5286930000176306,0.801043401409644,0.4367919706635978,0.6266666666666667
german,sex,4,0.1765350877192982,15.0,35,41.1764705882353,0.0911820033565785,0.4352281225679221,0.7369010999745276,0.6733914185326181,0.4838095238095237
german,sex,5,0.168859649122807,13.0,36,34.285714285714285,0.1657648072922102,0.6670250169657416,0.6419101557472005,0.5475173344892582,0.4757085020242915
german,sex,6,0.1754385964912281,19.0,39,47.36842105263158,0.1248778211257913,0.517788025352042,0.6376151432331206,0.4110083717920812,0.5747126436781609
german,sex,7,0.1109913793103448,26.0,38,67.56756756756756,0.1077547126109965,0.4000515761160503,0.7667305073038346,0.48835141469410265,0.4618235730170496
german,sex,8,0.1282327586206896,29.0,38,75.67567567567568,0.0531961478825629,0.4487168104325217,0.575399430947691,0.2064018968583284,0.5333333333333333
german,sex,9,0.0899999999999999,30.0,38,78.37837837837837,0.1466048062065218,0.5496009782398721,0.6989876891449603,0.4917605250918792,0.5864661654135339
german,sex,10,0.1148325358851675,25.0,34,72.72727272727273,0.0977671679845918,0.5310034119330569,0.8131733805354919,0.44843724510712896,0.5124899274778405
german,sex,11,0.0501567398119122,31.0,36,85.71428571428571,0.040439326933418,0.4553331452044896,0.7876681486353956,0.6705420927300741,0.4374176548089591
german,sex,12,0.1398026315789473,22.0,34,63.63636363636363,0.0722678568131335,0.4600097112573334,0.7869804400977994,0.33812468661206757,0.6142191142191142
german,sex,13,0.08,33.0,36,91.42857142857143,0.0910637077331568,0.4811634924347102,0.6531505452158844,0.4838551528293946,0.5066666666666667
german,sex,14,0.1002155172413793,33.0,38,86.48648648648648,0.1452961547457019,0.4649995059858074,0.7038030106295975,0.41330250828444814,0.5850120870265915
german,sex,15,0.2183908045977011,15.0,38,37.83783783783784,0.2106164393330747,0.5959927238067448,0.5000820950666398,0.12995020521885164,0.5105867346938775
german,sex,16,0.04,33.0,36,91.42857142857143,0.0943494742629939,0.4467207954169779,0.781231899667955,0.4083490939483744,0.4575424575424576
german,sex,17,0.0605127076686103,35.0,38,91.89189189189189,0.0618832525212175,0.5141451134664996,0.7479069778638888,0.44919976604945283,0.5448717948717948
german,sex,18,0.1702586206896552,17.0,36,45.714285714285715,0.1608015734288283,0.4385668341013641,0.6887673124888438,0.44721542143457743,0.6266891891891893
german,sex,19,0.0749601275917065,31.0,36,85.71428571428571,0.0692958690440544,0.513843360289865,0.7937958553224352,0.2550598787682116,0.4881756756756756
german,sex,20,0.2275219298245614,10.0,37,25.0,0.1441600209703267,0.5877104800636449,0.6801825846322086,0.26798816028411315,0.566017316017316
german,sex,21,0.1018808777429466,25.0,38,64.86486486486487,0.0700195250754841,0.4898375696168429,0.5793390238564237,0.37306620894176007,0.5296296296296297
german,sex,22,0.0888192267502612,33.0,37,88.88888888888889,0.0460206015205437,0.5815182292768177,0.8186614514354889,0.4676277551931715,0.5555555555555556
german,sex,23,0.1436403508771929,21.0,37,55.55555555555556,0.1669197864990734,0.3845395674445614,0.7926966639098738,0.45916200133722107,0.6235294117647059
german,sex,24,0.1831896551724138,16.0,38,40.54054054054054,0.099618577589957,0.4699302205346274,0.7377982052965637,0.22630549503330788,0.5293440736478711
german,sex,25,0.0894396551724138,26.0,36,71.42857142857143,0.1692201547621161,0.43382569605271,0.7672802162440469,0.35733295979829105,0.391025641025641
german,sex,26,0.0799999999999999,33.0,39,84.21052631578948,0.0182086997336188,0.5292756623525702,0.7949185140196375,0.4908901905908617,0.6162790697674418
german,sex,27,0.3534482758620689,5.0,38,10.81081081081081,0.2139783431288074,0.4748340455455563,0.7239398095653534,0.3436870207910699,0.3805609284332689
german,sex,28,0.0386181098030586,33.0,34,96.96969696969697,0.1320760147422361,0.569171220173274,0.8789731051344744,0.6399799431723217,0.4056862462115745
german,sex,29,0.0407523510971786,36.0,37,97.22222222222223,0.015498224431999,0.4760206280982511,0.7714285714285716,0.5056953482380985,0.6430745814307458
law,race,0,0.445933090217219,4.0,8,42.857142857142854,0.4417056522858104,0.7305016849430142,0.8095238095238096,0.07142857142857144,0.5210084033613445
law,race,1,0.3829343057977908,6.0,8,71.42857142857143,0.4487037772199821,0.7491932400899955,0.9939576486092934,0.2909571869813232,0.5568181818181819
law,race,2,0.3976005496538238,4.0,8,42.857142857142854,0.4595971048729189,0.7227854043337059,0.7857142857142858,0.42857142857142866,0.5464480874316939
law,race,3,0.410232017335236,6.0,8,71.42857142857143,0.4671116642743475,0.7402470496956307,0.880952380952381,0.6785714285714287,0.5423728813559322
law,race,4,0.4123196448390677,6.0,8,71.42857142857143,0.4571668402370129,0.7140410428619576,0.9047619047619048,0.3214285714285715,0.5434173669467788
law,race,5,0.4144601236721103,5.0,8,57.142857142857146,0.481509462097038,0.7411864628150466,0.9047619047619048,0.6071428571428572,0.5181058495821727
law,race,6,0.4038898578299244,5.0,8,57.142857142857146,0.4435163941473934,0.7395315085297008,0.9523809523809524,0.3571428571428572,0.5583333333333333
law,race,7,0.4228370593520427,5.0,8,57.142857142857146,0.4642283553691668,0.717308183776976,0.9047619047619048,0.3214285714285715,0.5294117647058824
law,race,8,0.3598118492680091,6.0,8,71.42857142857143,0.4380226371988102,0.7379704704748982,0.9523809523809524,0.10714285714285716,0.5666666666666667
law,race,9,0.4291263675281433,5.0,8,57.142857142857146,0.4726581078103911,0.7190323066299599,0.9523809523809524,0.0,0.5292479108635098
law,race,10,0.3430579779081443,6.0,8,71.42857142857143,0.4131504633267512,0.7448945262406643,0.9523809523809524,0.3571428571428572,0.5577464788732394
law,race,11,0.3829343057977908,5.0,8,57.142857142857146,0.4404322376858087,0.7023611710786882,0.9285714285714287,-0.03571428571428572,0.5459610027855153
law,race,12,0.3053221288515406,6.0,8,71.42857142857143,0.4074186061715132,0.7436330564035388,0.9523809523809524,0.6785714285714287,0.5363128491620112
law,race,13,0.3346810422282121,6.0,8,71.42857142857143,0.4104723905472914,0.7275407643060638,0.9523809523809524,0.10714285714285716,0.5555555555555556
law,race,14,0.4185825273505628,6.0,8,71.42857142857143,0.455825851142979,0.7128975509288205,0.9761904761904763,-0.03571428571428572,0.5524861878453038
law,race,15,0.3472860842450188,6.0,8,71.42857142857143,0.4079016370349395,0.7330211714947202,0.9285714285714287,-0.03571428571428572,0.5393258426966292
law,race,16,0.4206701548543946,6.0,8,71.42857142857143,0.4515619175485311,0.7253247731475834,0.9523809523809524,0.1785714285714286,0.554945054945055
law,race,17,0.3850483589662279,6.0,8,71.42857142857143,0.4343898568235317,0.736874482460643,0.9285714285714287,0.07142857142857144,0.546742209631728
law,race,18,0.3934252946461603,6.0,8,71.42857142857143,0.4511999434753083,0.7215403408671252,0.9047619047619048,0.14285714285714288,0.5584045584045584
law,race,19,0.3703821151101951,6.0,8,71.42857142857143,0.4214021715531908,0.7268305710010496,0.9761904761904763,0.1785714285714286,0.5264623955431755
law,race,20,0.4144072723428995,6.0,8,71.42857142857143,0.4745081365015772,0.7164489446855689,0.9523809523809524,-0.07142857142857144,0.5552407932011332
law,race,21,0.3556894455895565,6.0,8,71.42857142857143,0.3966128193233721,0.7211409147717116,0.9761904761904763,-0.03571428571428572,0.5352112676056338
law,race,22,0.416547751175942,5.0,8,57.142857142857146,0.4551409534479247,0.7271895870852277,0.9285714285714287,-0.07142857142857144,0.5280898876404494
law,race,23,0.3851012102954389,6.0,8,71.42857142857143,0.4485870025460409,0.7284516621578191,0.880952380952381,0.42857142857142866,0.50974930362117
law,race,24,0.3913112414777231,6.0,8,71.42857142857143,0.4654494290524286,0.7204377260035197,0.9761904761904763,0.1785714285714286,0.5574229691876751
law,race,25,0.4123460705036731,6.0,8,71.42857142857143,0.4572250099413564,0.7269541714481103,0.9047619047619048,0.4642857142857144,0.5415472779369628
law,race,26,0.4416521325511336,4.0,8,42.857142857142854,0.4356996250633532,0.7237448319290826,0.880952380952381,0.1785714285714286,0.5534246575342465
law,race,27,0.4186089530151684,5.0,8,57.142857142857146,0.4737959602200406,0.7243830514467005,0.9761904761904763,-0.21428571428571433,0.527027027027027
law,race,28,0.3724697426140267,6.0,8,71.42857142857143,0.4198594190476631,0.7354371394489088,0.880952380952381,0.9285714285714288,0.5380281690140845
law,race,29,0.3472860842450188,6.0,8,71.42857142857143,0.4266085035159713,0.7454120778163513,0.9285714285714287,0.6071428571428572,0.5274725274725275
law,sex,0,0.0087804133156876,8.0,8,100.0,0.0258300008752423,0.7322868293058035,0.9523809523809524,0.0,0.5542857142857143
law,sex,1,0.0709813702534867,8.0,8,100.0,0.0448900737622774,0.723249985828099,0.9761904761904763,0.28571428571428575,0.5177111716621253
law,sex,2,0.0305660185279446,8.0,8,100.0,0.0293677783188601,0.7190855816532582,0.9761904761904763,-0.10714285714285716,0.5248618784530387
law,sex,3,0.0295225491194136,8.0,8,100.0,0.0527647453299119,0.7267831794763778,0.9761904761904763,-0.10714285714285716,0.5694444444444444
law,sex,4,0.026850249414639,8.0,8,100.0,0.0541938281871404,0.7491585876461458,0.9523809523809524,0.3214285714285715,0.5555555555555556
law,sex,5,0.0108928026061284,8.0,8,100.0,0.0485376704916749,0.7250214741877828,0.9761904761904763,0.1785714285714286,0.5175202156334231
law,sex,6,0.0178153313651633,8.0,8,100.0,0.0113202574777524,0.7268592285473395,0.9523809523809524,0.21428571428571433,0.5593220338983051
law,sex,7,0.0055736536699582,8.0,8,100.0,0.0409286678786903,0.7287637275939014,0.9523809523809524,0.07142857142857144,0.5706371191135734
law,sex,8,0.0603430723811462,8.0,8,100.0,0.0599495734624958,0.7571285981262763,0.9523809523809524,0.5357142857142858,0.5340909090909092
law,sex,9,0.0560928433268858,8.0,8,100.0,0.0909711737496733,0.7415864413013057,0.9523809523809524,0.4642857142857144,0.5380281690140845
law,sex,10,0.0773694390715666,8.0,8,100.0,0.1036345937643722,0.7170082754401272,0.7380952380952381,0.3571428571428572,0.5143887652520911
law,sex,11,0.0135367090582819,8.0,8,100.0,0.0194859731520911,0.7186911993602566,0.880952380952381,0.3214285714285715,0.5287671232876712
law,sex,12,0.0417387763412399,8.0,8,100.0,0.0120726504635154,0.7297419739863347,0.9523809523809524,-0.07142857142857144,0.532967032967033
law,sex,13,0.0661966812582713,8.0,8,100.0,0.0440120501163605,0.7269179289743535,0.9523809523809524,0.25,0.532033426183844
law,sex,14,0.0965081950524279,8.0,8,100.0,0.084687086891147,0.705911180639278,0.9761904761904763,-0.14285714285714288,0.5052910052910053
law,sex,15,0.041204316400285,8.0,8,100.0,0.0147312397305817,0.7479689172136811,0.9523809523809524,0.3571428571428572,0.5318559556786704
law,sex,16,0.0183243408327394,8.0,8,100.0,0.0348625798332098,0.7302546620407318,0.9461247469114745,0.4684874806016907,0.5141242937853108
law,sex,17,0.0151684821337676,8.0,8,100.0,0.0802996511561397,0.7490233421199499,0.9761904761904763,0.10714285714285716,0.5369318181818181
law,sex,18,0.006642573551868,8.0,8,100.0,0.0133263393036861,0.7282964028498463,0.9047619047619048,0.25,0.5504087193460491
law,sex,19,0.0768349791306118,8.0,8,100.0,0.0723089378787511,0.7185203851205014,0.9761904761904763,-0.10714285714285716,0.5316804407713498
law,sex,20,0.0566273032678408,8.0,8,100.0,0.0813948957660324,0.7526314368795793,0.9761904761904763,0.7500000000000002,0.5451977401129944
law,sex,21,0.0236213702146225,8.0,8,100.0,0.0389071765630877,0.7286426336257193,0.8095238095238096,0.25,0.5416666666666667
law,sex,22,0.0157029420747226,8.0,8,100.0,0.0376635864546626,0.7251738266436059,0.880952380952381,-0.14285714285714288,0.5297450424929179
law,sex,23,0.0449200855135905,8.0,8,100.0,0.0465618689595836,0.7260023880489307,0.880952380952381,0.5357142857142858,0.5238095238095238
law,sex,24,0.0098493331975975,8.0,8,100.0,0.0364857798969983,0.7413586785538167,0.9523809523809524,0.5357142857142858,0.5655737704918034
law,sex,25,0.0215311004784688,8.0,8,100.0,0.0106277001364112,0.7119516212394816,0.9523809523809524,0.03571428571428572,0.5359116022099448
law,sex,26,0.1225694797923241,8.0,8,100.0,0.1115470397499481,0.745900384015858,0.9523809523809524,0.5714285714285715,0.541899441340782
law,sex,27,0.1635192914588211,7.0,8,85.71428571428571,0.1353923845695412,0.734375154756214,0.8571428571428572,0.5,0.5648414985590778
law,sex,28,0.0358851674641148,8.0,8,100.0,0.034106895610505,0.747047531260642,0.9523809523809524,0.5,0.5441595441595442
law,sex,29,0.0630153720859207,8.0,8,100.0,0.0521748640709166,0.7321300671057632,0.9761904761904763,0.14285714285714288,0.5641025641025641
oulad,disability,0,0.0700329044661342,18.0,24,73.91304347826087,0.0586135919583732,0.5141342885911347,0.9782608695652173,0.6857707509881423,0.4899162981918359
oulad,disability,1,0.1083667372691333,14.0,24,56.52173913043478,0.0993560894948969,0.5192596247090593,0.9660869565217389,0.7717391304347826,0.4756773028296207
oulad,disability,2,0.0879917184265011,17.0,25,66.66666666666667,0.0713587940549717,0.5139688024797027,0.9700000000000001,0.7739130434782608,0.4775675024108003
oulad,disability,3,0.0909817731440402,16.0,24,65.21739130434783,0.0916073207066633,0.5619407954099792,0.9591304347826086,0.7618577075098815,0.4584101843521797
oulad,disability,4,0.1219668301424879,15.0,25,58.333333333333336,0.0808762851616882,0.5086616174064611,0.9515384615384614,0.6799999999999999,0.4696559952276795
oulad,disability,5,0.1896285666319402,9.0,23,36.36363636363637,0.1167789915786794,0.459682471321378,0.9387351778656127,0.8780350084697911,0.4756765437385732
oulad,disability,6,0.1080532756580893,15.0,25,58.333333333333336,0.0956145495896736,0.4896798699211344,0.9823076923076923,0.7260869565217389,0.469847974309082
oulad,disability,7,0.1012558959958972,16.0,24,65.21739130434783,0.0749166814735767,0.5253824381613715,0.9478260869565217,0.7875494071146245,0.5275168635208196
oulad,disability,8,0.1157824838190939,14.0,25,54.166666666666664,0.0528246979436545,0.4731831041268418,0.9415384615384615,0.7347826086956522,0.5357884657575255
oulad,disability,9,0.1122142839999039,17.0,24,69.56521739130434,0.0678699243006457,0.5329755171484054,0.9295652173913044,0.6393280632411067,0.5350058219540594
oulad,disability,10,0.0826048860586574,17.0,23,72.72727272727273,0.0653322531456771,0.4757833652279806,0.9644268774703558,0.795595708639187,0.5017522006311244
oulad,disability,11,0.0842354120815308,20.0,25,79.16666666666667,0.0768311375314797,0.530981887743547,0.9630769230769232,0.7834782608695651,0.437872746185853
oulad,disability,12,0.1565847687470499,11.0,25,41.666666666666664,0.1035352892697315,0.4936097267630021,0.9153846153846154,0.7921739130434783,0.4715395119510492
oulad,disability,13,0.1177185922411654,17.0,25,66.66666666666667,0.1007702470932137,0.5231820924150349,0.9523076923076922,0.7478260869565216,0.5226567939351744
oulad,disability,14,0.125463025929452,12.0,22,52.38095238095238,0.0733521679403639,0.5482443489198634,0.9514398644833428,0.8181818181818182,0.5125543310114054
oulad,disability,15,0.1449552647145814,15.0,26,56.0,0.1063402176274749,0.5011489213502117,0.9610256410256409,0.7507692307692307,0.4974475210324267
oulad,disability,16,0.1159122321648279,16.0,24,65.21739130434783,0.0968436744511562,0.530780770587729,0.9565217391304346,0.6778656126482214,0.4798342433049929
oulad,disability,17,0.107025980327899,13.0,24,52.17391304347826,0.0870194196015933,0.5140207385421784,0.9530434782608694,0.7529644268774704,0.4854884681251937
oulad,disability,18,0.0801214507542147,21.0,25,83.33333333333333,0.0657172797377775,0.5258510499142771,0.9469230769230769,0.643478260869565,0.524720248305154
oulad,disability,19,0.1196079378330332,14.0,24,56.52173913043478,0.0859671278775599,0.5157853152453027,0.9304347826086956,0.6551383399209486,0.4943583644078693
oulad,disability,20,0.097849959409331,20.0,26,76.0,0.0773852611395804,0.5564965579312351,0.939145299145299,0.7276923076923076,0.5007576176972933
oulad,disability,21,0.1305685683337588,13.0,26,48.0,0.0998310455160512,0.5406177672426404,0.9528205128205127,0.8453846153846154,0.4838801590765798
oulad,disability,22,0.1122862880321297,17.0,24,69.56521739130434,0.0837857122892964,0.4864418116908643,0.9669565217391304,0.75,0.5213052315467579
oulad,disability,23,0.0994804854322044,20.0,25,79.16666666666667,0.0822903466406113,0.5336941170387458,0.9361538461538461,0.6956521739130433,0.5017315511376568
oulad,disability,24,0.1132543422431656,15.0,24,60.869565217391305,0.0857903364434458,0.4937772242210284,0.9713043478260868,0.6284584980237155,0.5277195502878723
oulad,disability,25,0.1176465882089397,15.0,26,56.0,0.1023794122283234,0.4953401247117485,0.967179487179487,0.7946153846153846,0.5110304856488386
oulad,disability,26,0.0540350344618228,21.0,26,80.0,0.1015483225305528,0.5471462013991195,0.9377777777777777,0.8707692307692307,0.4901624548736462
oulad,disability,27,0.1040218252222124,18.0,25,70.83333333333333,0.1044188018210346,0.4867590297541237,0.9353846153846154,0.7347826086956522,0.4870736980794243
oulad,disability,28,0.1475890522481251,11.0,23,45.45454545454545,0.1060924004572476,0.523983460436965,0.9525691699604744,0.6612083568605309,0.541447312377545
oulad,disability,29,0.1128063171537606,15.0,24,60.869565217391305,0.0887087811022278,0.4928278761925196,0.9426086956521739,0.7292490118577075,0.522479003233798
oulad,sex,0,0.0312596731723985,20.0,24,82.6086956521739,0.0068633015739789,0.5506967501143053,0.9721739130434782,0.6828063241106719,0.4551382602741983
oulad,sex,1,0.0256282955786483,20.0,23,86.36363636363636,0.0329288295943901,0.4814820010561169,0.974308300395257,0.7108977978543197,0.4484908346909193
oulad,sex,2,0.0332556129525034,20.0,24,82.6086956521739,0.0683143104466881,0.5199113237570324,0.9730434782608696,0.6274703557312253,0.5040926581234755
oulad,sex,3,0.0405619987537939,20.0,25,79.16666666666667,0.0442368265150524,0.4988083695701671,0.9323076923076923,0.657391304347826,0.4590906188134618
oulad,sex,4,0.0967665269110764,15.0,25,58.333333333333336,0.085720534945234,0.501250600376896,0.953076923076923,0.7034782608695651,0.5390052418111524
oulad,sex,5,0.0389832780811232,24.0,25,95.83333333333333,0.057174937776544,0.5001577349336435,0.9753846153846154,0.7713043478260868,0.5375721844049425
oulad,sex,6,0.0463905274960998,19.0,24,78.26086956521739,0.0311458161791853,0.4853592726399823,0.9565217391304346,0.7470355731225298,0.5068007576826541
oulad,sex,7,0.057323152301092,21.0,26,80.0,0.0569855211519269,0.5623836520685777,0.9726495726495725,0.6292307692307691,0.5700404211931872
oulad,sex,8,0.0177738470918508,26.0,26,100.0,0.0057048936193965,0.5338326232654843,0.9514529914529914,0.6284615384615384,0.5005102017470406
oulad,sex,9,0.0342787148985959,22.0,25,87.5,0.0392546813768395,0.5584479835502495,0.9546153846153845,0.6547826086956522,0.5044844484448445
oulad,sex,10,0.0518934038611544,20.0,24,82.6086956521739,0.0567014449326008,0.5016271623728582,0.9686956521739128,0.6561264822134387,0.4971978260420325
oulad,sex,11,0.100243150351014,16.0,25,62.5,0.1222433961733598,0.4679742767012169,0.966923076923077,0.748695652173913,0.4052941942913823
oulad,sex,12,0.0393763406786271,22.0,24,91.30434782608695,0.0427451506149202,0.5580569702931265,0.9678260869565216,0.83300395256917,0.4932072117826307
oulad,sex,13,0.0538221528861154,19.0,24,78.26086956521739,0.0690734018881717,0.540344509719444,0.9773913043478261,0.8428853754940712,0.4944858557491493
oulad,sex,14,0.0499037148985959,18.0,25,70.83333333333333,0.0593808621880729,0.4959931452477028,0.9676923076923077,0.7130434782608696,0.5036218240712622
oulad,sex,15,0.0842494637285491,17.0,26,64.0,0.1140530867214207,0.5208246205896597,0.9712820512820511,0.72,0.5454405440544055
oulad,sex,16,0.0241322152886115,24.0,25,95.83333333333333,0.058491376128383,0.5074493737583928,0.9230769230769231,0.7034782608695651,0.5770584153161612
oulad,sex,17,0.0526429650936037,23.0,26,88.0,0.099809688926347,0.5466707765388936,0.965128205128205,0.7946153846153846,0.4666779401018233
oulad,sex,18,0.0280384652886115,23.0,25,91.66666666666667,0.0356529925096814,0.5081501137687249,0.9830769230769232,0.7234782608695651,0.5229745829232627
oulad,sex,19,0.0339222162636505,20.0,24,82.6086956521739,0.0426452212437407,0.5483885550281308,0.9799999999999999,0.7974308300395258,0.4929520586576423
oulad,sex,20,0.0526551530811232,16.0,24,65.21739130434783,0.0752150040562244,0.5234380895694141,0.9191304347826086,0.775691699604743,0.5433912067234331
oulad,sex,21,0.0619911515210608,21.0,25,83.33333333333333,0.0558076627478005,0.4871189879013791,0.9553846153846154,0.7460869565217391,0.5082389367165081
oulad,sex,22,0.0737099015210608,20.0,26,76.0,0.0859617736779544,0.5189171953187309,0.9617094017094016,0.72,0.5166322194000366
oulad,sex,23,0.0185490408903004,25.0,25,100.0,0.0128130225310198,0.504950665928158,0.9346153846153846,0.7730434782608695,0.562633846307087
oulad,sex,24,0.0211095943837753,23.0,25,91.66666666666667,0.0227711425973743,0.4948670565452772,0.9700000000000001,0.7008695652173912,0.5283712926409556
oulad,sex,25,0.0139735276911076,25.0,25,100.0,0.0275435032282223,0.5371733287890255,0.9761538461538463,0.72,0.5163666666666666
oulad,sex,26,0.0346900899814408,23.0,25,91.66666666666667,0.0753825790130471,0.508477790024583,0.9092307692307693,0.7008695652173912,0.5181785598769155
oulad,sex,27,0.0639320885335413,21.0,25,83.33333333333333,0.0705119271999758,0.5247954818523287,0.96,0.7678260869565217,0.5297600971758276
oulad,sex,28,0.0471766526911076,20.0,24,82.6086956521739,0.0761255930551131,0.5155828613645921,0.9399999999999998,0.6403162055335968,0.5319927792784522
oulad,sex,29,0.0471644647035881,22.0,24,91.30434782608695,0.0583272081839721,0.5310571298875869,0.9330434782608694,0.66600790513834,0.577505977776736
