auc,acc,bal_acc,eo_gap,tpr_gap,fpr_gap,dp_gap,tpr_signed,fpr_signed,worst_tpr,dataset,attr,seed,method,mu,nlab,pool_auc
0.8562352202870263,0.8866666666666667,0.711227902682545,0.3640663812694889,0.20425654269793514,0.3640663812694889,0.3088659308803664,-0.20425654269793514,-0.3640663812694889,0.7584541062801933,law,race,0,erm,0,0,0.8568671291591179
0.8430281434832427,0.8805555555555555,0.695656858219349,0.3263569578774907,0.1642503416631591,0.3263569578774907,0.2652791542781633,-0.1642503416631591,-0.3263569578774907,0.7898550724637681,law,race,0,arl,1,0,0.8387715964827007
0.8323501817801477,0.8761111111111111,0.6843324622461153,0.31800644786216375,0.14751187809943478,0.31800644786216375,0.2465991071629332,-0.14751187809943478,-0.31800644786216375,0.8019323671497585,law,race,0,arl,2,0,0.8259573151871327
0.8470262843949036,0.8772222222222222,0.6871635612394238,0.24665715342740868,0.17874309528634746,0.24665715342740868,0.25697691111583876,-0.17874309528634746,-0.24665715342740868,0.7753623188405797,law,race,0,arl,3,0,0.8350563386505235
0.8570491612476023,0.8877777777777778,0.7140590016758532,0.3871359864700597,0.19387760404487608,0.3871359864700597,0.3067903700897854,-0.19387760404487608,-0.3871359864700597,0.7681159420289855,law,race,0,jtt,1,0,0.8566603331713137
0.8524517710490244,0.8827777777777778,0.7013190562059657,0.37249616827863224,0.19897267214366998,0.37249616827863224,0.302639248508623,-0.19897267214366998,-0.37249616827863224,0.7608695652173914,law,race,0,jtt,2,0,0.8532402456807033
0.8383631214753802,0.8688888888888889,0.6659303187896108,0.20477247502774698,0.1567207611683581,0.20477247502774698,0.22376793846654108,-0.1567207611683581,-0.20477247502774698,0.7898550724637681,law,race,0,jtt,3,0,0.839731341964562
0.8379942921898629,0.8733333333333333,0.6772547147628444,0.12919507425611754,0.10133495460946473,0.12919507425611754,0.17187891870201344,-0.10133495460946473,-0.12919507425611754,0.8405797101449275,law,race,0,oracle,1,0,0.8369705271530202
0.8336925945528083,0.8683333333333333,0.6645147692929566,0.09810799154026428,0.09810799154026428,0.06210031182284237,0.15112331079620234,-0.09810799154026428,-0.06210031182284237,0.8405797101449275,law,race,0,oracle,3,0,0.8382006981573948
0.8200561344017062,0.8677777777777778,0.6630992197963024,0.08110537775214222,0.08110537775214222,0.0033560594048940295,0.1262165813092292,-0.08110537775214222,-0.0033560594048940295,0.855072463768116,law,race,0,oracle,10,0,0.8354522557553798
0.8408301096814935,0.8777777777777778,0.6885791107360779,0.21098250621003112,0.12916945973051486,0.21098250621003112,0.21339013451363553,-0.12916945973051486,-0.21098250621003112,0.8188405797101449,law,race,0,proxy_soft,1,100,0.8420449825460652
0.8405902526834492,0.8777777777777778,0.6885791107360779,0.22147349505840075,0.1319434701198463,0.22147349505840075,0.2175412560947978,-0.1319434701198463,-0.22147349505840075,0.8164251207729468,law,race,0,proxy_soft,3,100,0.8422234987406655
0.83130896648372,0.8788888888888889,0.6914102097293864,0.17110617832038477,0.11324250029879279,0.17110617832038477,0.19471008739840567,-0.11324250029879279,-0.17110617832038477,0.8333333333333334,law,race,0,proxy_soft,10,100,0.8372250452918563
0.8400971696087813,0.8816666666666667,0.6984879572126572,0.21304370804925743,0.12058327833812266,0.21304370804925743,0.2113145737230545,-0.12058327833812266,-0.21304370804925743,0.8285024154589372,law,race,0,proxy_soft,1,400,0.8353338341213379
0.8397826030539695,0.8766666666666667,0.6857480117427696,0.15643993446435178,0.11180829449025931,0.15643993446435178,0.18848340502666228,-0.11180829449025931,-0.15643993446435178,0.8333333333333334,law,race,0,proxy_soft,3,400,0.8395651981794883
0.8289198334999226,0.8738888888888889,0.6786702642594986,0.12499339358384864,0.08504944372560941,0.12499339358384864,0.15942555395852687,-0.08504944372560941,-0.12499339358384864,0.855072463768116,law,race,0,proxy_soft,10,400,0.8364438160045955
0.8619367390929944,0.8863888888888889,0.7110717990297195,0.4479942920564452,0.19834997046713887,0.4479942920564452,0.3209889355313522,-0.19834997046713887,-0.4479942920564452,0.7632850241545893,law,race,1,erm,0,0,0.8642002894109635
0.8470687508798034,0.8830555555555556,0.7025785020497943,0.2843665768194071,0.14071845396770954,0.2843665768194071,0.24211762548927018,-0.14071845396770954,-0.2843665768194071,0.8115942028985508,law,race,1,arl,1,0,0.8409871183747588
0.8266219248170206,0.8730555555555556,0.6770986111100189,0.19214100734633477,0.13981254860797154,0.19214100734633477,0.21305977442113477,-0.13981254860797154,-0.19214100734633477,0.8067632850241546,law,race,1,arl,2,0,0.8238600896606515
0.864981743343575,0.8825,0.7011629525531402,0.2990592463400455,0.15145594407290197,0.2990592463400455,0.25249542944217573,-0.15145594407290197,-0.2990592463400455,0.8019323671497585,law,race,1,arl,3,0,0.8607298405402339
0.8619304477618983,0.8902777777777777,0.7209806455062988,0.36612758310871524,0.18698977868541522,0.36612758310871524,0.3002333276255411,-0.18698977868541522,-0.36612758310871524,0.7753623188405797,law,race,1,jtt,1,0,0.8638864061967996
0.8553882498381948,0.8858333333333334,0.7096562495330653,0.3472860842450188,0.17302532551102234,0.3472860842450188,0.28155328051031125,-0.17302532551102234,-0.3472860842450188,0.785024154589372,law,race,1,jtt,2,0,0.855954204971059
0.8333536490899982,0.8708333333333333,0.6714364131234021,0.20894773003541034,0.14947438435676386,0.20894773003541034,0.2213620175834592,-0.14947438435676386,-0.20894773003541034,0.7971014492753623,law,race,1,jtt,3,0,0.8318774117580298
0.8472590636454647,0.8825,0.7011629525531402,0.21513133555308916,0.09597573628627298,0.21513133555308916,0.1943797273059048,-0.09597573628627298,-0.21513133555308916,0.8502415458937198,law,race,1,oracle,1,0,0.848192245488594
0.8430430853945963,0.8775,0.6884230070832524,0.07610471088108395,0.07610471088108395,0.07459965118122724,0.1466418291225393,-0.07610471088108395,-0.07459965118122724,0.8647342995169082,law,race,1,oracle,3,0,0.8481018045624786
0.8333111826050987,0.8713888888888889,0.6728519626200563,0.05829059296095951,0.05829059296095951,0.005417261244120342,0.11343285647324175,-0.05829059296095951,-0.005417261244120342,0.8768115942028986,law,race,1,oracle,10,0,0.8393520882987175
0.8517038890649589,0.8875,0.7139028980230278,0.32419005337984247,0.14081285519544529,0.32419005337984247,0.25457099023275687,-0.14081285519544529,-0.32419005337984247,0.8140096618357487,law,race,1,proxy_soft,1,100,0.8509657672227897
0.8537249791796262,0.8880555555555556,0.7153184475196821,0.30949738385920406,0.12452734431158985,0.30949738385920406,0.24004206469868916,-0.12452734431158985,-0.30949738385920406,0.8285024154589372,law,race,1,proxy_soft,3,100,0.8545160169106797
0.8525500730974033,0.8863888888888889,0.7110717990297195,0.3011204481792717,0.11235564839786394,0.3011204481792717,0.22758869995520248,-0.11235564839786394,-0.3011204481792717,0.8381642512077294,law,race,1,proxy_soft,10,100,0.8544007490636705
0.8477718071298083,0.8875,0.7139028980230278,0.19829818719940806,0.11029874091279934,0.19829818719940806,0.20683309204939138,-0.11029874091279934,-0.19829818719940806,0.8405797101449275,law,race,1,proxy_soft,1,400,0.8467611508341846
0.8441983310671435,0.8791666666666667,0.692669655573215,0.12494054225463769,0.07163234445882116,0.12494054225463769,0.15494407228486384,-0.07163234445882116,-0.12494054225463769,0.8695652173913043,law,race,1,proxy_soft,3,400,0.8451332141641131
0.8284786539067986,0.8769444444444444,0.6870074575865983,0.06831034300512662,0.05632808670363032,0.06831034300512662,0.1300373427978906,-0.05632808670363032,-0.06831034300512662,0.8816425120772947,law,race,1,proxy_soft,10,400,0.8310616700715014
0.87908612124496,0.8855555555555555,0.7083968036892365,0.4039427091591354,0.19521740862567405,0.4039427091591354,0.3088659308803664,-0.19521740862567405,-0.4039427091591354,0.7657004830917874,law,race,2,erm,0,0,0.864880915558305
0.8576861585210969,0.8761111111111111,0.6843324622461153,0.28653348131705514,0.16415594043542348,0.28653348131705514,0.2528257895346766,-0.16415594043542348,-0.28653348131705514,0.7874396135265701,law,race,2,arl,1,0,0.854892846096063
0.8415394572625947,0.8716666666666667,0.6730080662728818,0.29916494899846724,0.18070560154367665,0.29916494899846724,0.26320359348758215,-0.18070560154367665,-0.29916494899846724,0.7705314009661836,law,race,2,arl,2,0,0.838822853607883
0.8494468740341824,0.8616666666666667,0.6475281753331064,0.3013582791607209,0.17425167540527575,0.3013582791607209,0.24867466795351434,-0.17425167540527575,-0.3013582791607209,0.7705314009661836,law,race,2,arl,3,0,0.8278962485086827
0.8784459783059175,0.8883333333333333,0.7154745511725076,0.36195232810105177,0.1803661035503522,0.36195232810105177,0.29226144455571756,-0.1803661035503522,-0.36195232810105177,0.7801932367149759,law,race,2,jtt,1,0,0.8643913216384604
0.8754890526906844,0.8844444444444445,0.7055657046959282,0.35989112626182546,0.18617827455341296,0.35989112626182546,0.29226144455571756,-0.18617827455341296,-0.35989112626182546,0.7729468599033816,law,race,2,jtt,2,0,0.8621784278202465
0.8669517163930855,0.8766666666666667,0.6857480117427696,0.1728365230555512,0.1728365230555512,0.15643993446435178,0.23414574241944652,-0.1728365230555512,-0.15643993446435178,0.7801932367149759,law,race,2,jtt,3,0,0.8506349697317839
0.8582374364084049,0.8816666666666667,0.6984879572126572,0.12911579726230116,0.10393921600213407,0.12911579726230116,0.182256722654919,-0.10393921600213407,-0.12911579726230116,0.8429951690821256,law,race,2,oracle,1,0,0.8419583756793778
0.8538673205456786,0.8811111111111111,0.6970724077160031,0.0647445190993603,0.0647445190993603,0.0598805559959833,0.13866994605271588,-0.0647445190993603,-0.0598805559959833,0.8768115942028986,law,race,2,oracle,3,0,0.8387468516636472
0.8361179026904091,0.8688888888888889,0.6659303187896108,0.05963039754175736,0.05963039754175736,0.05750224618149147,0.0992342910316748,-0.05963039754175736,0.05750224618149147,0.8743961352657005,law,race,2,oracle,10,0,0.8189368565242366
0.8549116815076545,0.8755555555555555,0.6829169127494612,0.1753342846572591,0.13883129547930706,0.1753342846572591,0.2113145737230545,-0.13883129547930706,-0.1753342846572591,0.8091787439613527,law,race,2,proxy_soft,1,100,0.8508806504352436
0.858763548971328,0.8766666666666667,0.6857480117427696,0.12013032565825366,0.12013032565825366,0.09349400137413455,0.182256722654919,-0.12013032565825366,-0.09349400137413455,0.8260869565217391,law,race,2,proxy_soft,3,100,0.8472360920860766
0.8556918065635883,0.8755555555555555,0.6829169127494612,0.09722113963933532,0.09722113963933532,0.049442418476824734,0.1552744323773647,-0.09722113963933532,-0.049442418476824734,0.8454106280193237,law,race,2,proxy_soft,10,100,0.8384923335248111
0.8528960963076964,0.8777777777777778,0.6885791107360779,0.21098250621003112,0.1374914908985091,0.21098250621003112,0.21961681688537882,-0.1374914908985091,-0.21098250621003112,0.8115942028985508,law,race,2,proxy_soft,1,400,0.8479572268127789
0.8551153633518954,0.8788888888888889,0.6914102097293864,0.1815971671687543,0.1187905210774558,0.1815971671687543,0.20093676977014896,-0.1187905210774558,-0.1815971671687543,0.8285024154589372,law,race,2,proxy_soft,3,400,0.8468030577526402
0.8497386345137705,0.8766666666666667,0.6857480117427696,0.10398499022250407,0.09793824254360217,0.10398499022250407,0.16772779712085129,-0.09793824254360217,-0.10398499022250407,0.8454106280193237,law,race,2,proxy_soft,10,400,0.8320798904158012
0.8674400809694313,0.8905555555555555,0.7211367491591243,0.3871095608054543,0.1984443716948745,0.3871095608054543,0.31301705246152856,-0.1984443716948745,-0.3871095608054543,0.7657004830917874,law,race,3,erm,0,0,0.8729989836949318
0.8522606718669761,0.8838888888888888,0.7041501551992739,0.2906558849955077,0.16640165037595944,0.2906558849955077,0.26320359348758215,-0.16640165037595944,-0.2906558849955077,0.7898550724637681,law,race,3,arl,1,0,0.8623428041182449
0.8327614775505647,0.8711111111111111,0.6715925167762276,0.26140267427725805,0.16647699814488592,0.26140267427725805,0.24452354637235207,-0.16647699814488592,-0.26140267427725805,0.782608695652174,law,race,3,arl,2,0,0.844031638018647
0.8581800280121518,0.8833333333333333,0.7027346057026198,0.36829448760636335,0.1799131508704832,0.36829448760636335,0.2881103229745553,-0.1799131508704832,-0.36829448760636335,0.7777777777777778,law,race,3,arl,3,0,0.8655631655693516
0.8638390803332204,0.8905555555555555,0.7211367491591243,0.41858252735056284,0.20121838208420595,0.41858252735056284,0.3213192956238531,-0.20121838208420595,-0.41858252735056284,0.7632850241545893,law,race,3,jtt,1,0,0.8696619680968583
0.8606855506212296,0.8866666666666667,0.711227902682545,0.3640663812694889,0.18761248036194644,0.3640663812694889,0.29641256613687983,-0.18761248036194644,-0.3640663812694889,0.7729468599033816,law,race,3,jtt,2,0,0.8656974945870708
0.849671789120873,0.8755555555555555,0.6829169127494612,0.269753184292585,0.18321546170861025,0.269753184292585,0.26320359348758215,-0.18321546170861025,-0.269753184292585,0.7705314009661836,law,race,3,jtt,3,0,0.8562414387344793
0.8431154357022029,0.8766666666666667,0.6857480117427696,0.19840388985782986,0.11180829449025931,0.19840388985782986,0.1967856481889868,-0.11180829449025931,-0.19840388985782986,0.8333333333333334,law,race,3,oracle,1,0,0.854378507357165
0.8398101276275154,0.8744444444444445,0.6800858137561527,0.0998097352148406,0.09095601595640568,0.0998097352148406,0.15942555395852687,-0.09095601595640568,-0.0998097352148406,0.8502415458937198,law,race,3,oracle,3,0,0.8543307852061331
0.8256562054937476,0.8688888888888889,0.6659303187896108,0.08737050143507186,0.08737050143507186,0.057898631150573476,0.14282106763387803,-0.08737050143507186,-0.057898631150573476,0.8502415458937198,law,race,3,oracle,10,0,0.8437771198798107
0.842749752082234,0.8761111111111111,0.6843324622461153,0.25506051477194647,0.14751187809943478,0.25506051477194647,0.23414574241944652,-0.14751187809943478,-0.25506051477194647,0.8019323671497585,law,race,3,proxy_soft,1,100,0.8508488356678892
0.8315142211607349,0.8722222222222222,0.674423615769536,0.15858041329739447,0.13113196598784393,0.15858041329739447,0.19886120897956783,-0.13113196598784393,-0.15858041329739447,0.8140096618357487,law,race,3,proxy_soft,3,100,0.8458963368830366
0.7948892371839688,0.8605555555555555,0.6446970763397979,0.12092384123460709,0.10973233354638567,0.12092384123460709,0.16357667553968902,-0.10973233354638567,-0.12092384123460709,0.8260869565217391,law,race,3,proxy_soft,10,100,0.8144120896115948
0.843509430312105,0.8772222222222222,0.6871635612394238,0.19420220918556097,0.1288109082783815,0.19420220918556097,0.20923901293247338,-0.1288109082783815,-0.19420220918556097,0.8188405797101449,law,race,3,proxy_soft,1,400,0.8547903318456984
0.8422063383587962,0.8727777777777778,0.6758391652661901,0.13339675492838643,0.11484645510398861,0.13339675492838643,0.182256722654919,-0.11484645510398861,-0.13339675492838643,0.8285024154589372,law,race,3,proxy_soft,3,400,0.8547090274402369
0.8277685199093104,0.8666666666666667,0.660268120802994,0.09425832679453272,0.09425832679453272,0.08519634268801857,0.15112331079620234,-0.09425832679453272,-0.08519634268801857,0.8429951690821256,law,race,3,proxy_soft,10,400,0.8409332331757323
