budget,rule,arm,mean,median
0.01,T1,arl,-9.866688633244367,-7.090467039205239
0.01,T1,cluster_rw,8.083805570232851,11.912590117313304
0.01,T1,cvar,-2.2063576130368268,-1.0903308811499812
0.01,T1,jtt,-4.069919334124596,-9.362655579588196
0.01,T1,oracle,33.836162875497905,42.98343538761343
0.01,T1,proxy[random] n=100,-4.121160637736566,2.0794528827427827
0.01,T1,proxy[random] n=200,-4.907511838066666,18.969327348054264
0.01,T1,proxy[random] n=25,-6.759216208239313,5.330160936067796
0.01,T1,proxy[random] n=400,1.3123711241478802,26.086963531651307
0.01,T1,proxy[random] n=50,-5.429220886984733,5.574669614425465
0.01,T1,proxy[random_mnar] n=100,-11.483321321231326,-2.2497673756975978
0.01,T1,proxy[random_mnar] n=200,-5.937746156701816,2.1454967855431217
0.01,T1,proxy[random_mnar] n=25,-6.286450420967515,2.4247713971137896
0.01,T1,proxy[random_mnar] n=400,-12.37301049699017,14.271449292094584
0.01,T1,proxy[random_mnar] n=50,-7.160829675420433,3.5609592753619745
0.01,T1,proxy[strat_y] n=100,4.537057058380912,15.971221086809784
0.01,T1,proxy[strat_y] n=200,1.6199715979664528,11.491337957335046
0.01,T1,proxy[strat_y] n=25,-6.386253189489486,-1.221568416327301
0.01,T1,proxy[strat_y] n=400,3.7986958752642153,25.663730579758692
0.01,T1,proxy[strat_y] n=50,-1.809434584478959,3.1340840106314216
0.01,T1,proxy_confident n=100,-9.53037213026295,0.9784655706163048
0.01,T1,proxy_confident n=200,-9.95633212156047,7.766229970753247
0.01,T1,proxy_confident n=25,-3.537714500258353,3.0766784472552766
0.01,T1,proxy_confident n=400,-12.290251062828771,11.376108287085096
0.01,T1,proxy_confident n=50,-10.31035099225858,6.27010644862197
0.01,T1,related_feats n=100,-6.1715698051539345,-11.825218151501193
0.01,T1,related_feats n=200,1.7780622750074482,-3.1855697610475797
0.01,T1,related_feats n=25,-9.196673503332727,-6.5169896116487935
0.01,T1,related_feats n=400,-0.17910302337781375,-3.618632232576058
0.01,T1,related_feats n=50,-4.437090516781683,-9.47339189938614
0.01,T2,arl,-9.866688633244367,-7.090467039205239
0.01,T2,cluster_rw,8.083805570232851,11.912590117313304
0.01,T2,cvar,-2.2063576130368268,-1.0903308811499812
0.01,T2,jtt,-4.069919334124596,-9.362655579588196
0.01,T2,oracle,33.836162875497905,42.98343538761343
0.01,T2,proxy[random] n=100,-1.3711709484274297,0.153608040521358
0.01,T2,proxy[random] n=200,1.6254771401775112,12.780774769749714
0.01,T2,proxy[random] n=25,0.02406306668894196,3.1991963757679986
0.01,T2,proxy[random] n=400,12.728128545866678,24.858142483013957
0.01,T2,proxy[random] n=50,0.7079161877192359,3.5526569820050535
0.01,T2,proxy[random_mnar] n=100,-3.2226189250562727,-0.07604965904954852
0.01,T2,proxy[random_mnar] n=200,-0.910578493888312,4.081595709490382
0.01,T2,proxy[random_mnar] n=25,-4.1527421838653975,1.3248504192555521
0.01,T2,proxy[random_mnar] n=400,0.1530517465486554,15.139028519483988
0.01,T2,proxy[random_mnar] n=50,-4.849422934167329,1.419176294747282
0.01,T2,proxy[strat_y] n=100,7.126522667028563,13.910852538626528
0.01,T2,proxy[strat_y] n=200,6.990281719534332,15.26813560331769
0.01,T2,proxy[strat_y] n=25,-4.467149332335767,-1.6861403053333168
0.01,T2,proxy[strat_y] n=400,12.899819328239948,24.86564600539898
0.01,T2,proxy[strat_y] n=50,1.2627131008161865,2.9733309338112246
0.01,T2,proxy_confident n=100,-4.2411469380814255,0.6153526579513069
0.01,T2,proxy_confident n=200,-4.678807525319056,9.367853713480734
0.01,T2,proxy_confident n=25,-1.1538469284023911,4.20305422961369
0.01,T2,proxy_confident n=400,-3.5097373478955625,11.829424418461066
0.01,T2,proxy_confident n=50,-1.0051678343167318,3.7606701217447136
0.01,T2,related_feats n=100,-6.3073887055881,-13.162477306527931
0.01,T2,related_feats n=200,1.3359997796644965,-3.4360705181724516
0.01,T2,related_feats n=25,-8.275557846577732,-4.811248034137372
0.01,T2,related_feats n=400,-0.8170812963653782,-3.5756480812729974
0.01,T2,related_feats n=50,-5.712589960291989,-8.537129817024368
0.005,T1,arl,-8.223645985633379,-7.405085753421248
0.005,T1,cluster_rw,5.999520202747554,8.335804308238547
0.005,T1,cvar,-2.2063576130368268,-1.0903308811499812
0.005,T1,jtt,-1.6707380194052757,-5.491514803881481
0.005,T1,oracle,32.55081211229087,42.98343538761343
0.005,T1,proxy[random] n=100,-2.645258558428644,0.3597306217868135
0.005,T1,proxy[random] n=200,-3.055196633084704,20.690747957876145
0.005,T1,proxy[random] n=25,-3.294984130756555,3.0801945224023908
0.005,T1,proxy[random] n=400,2.4893610836983378,27.139013794179146
0.005,T1,proxy[random] n=50,-3.088073464982704,6.944367044687382
0.005,T1,proxy[random_mnar] n=100,-8.369780497470071,-1.986851953927249
0.005,T1,proxy[random_mnar] n=200,-5.0170777916260025,4.192775933631787
0.005,T1,proxy[random_mnar] n=25,-6.560950469560105,2.431969017828295
0.005,T1,proxy[random_mnar] n=400,-8.939514840937878,15.149697304018272
0.005,T1,proxy[random_mnar] n=50,-6.206219790698055,3.1997039648557934
0.005,T1,proxy[strat_y] n=100,4.329152744559219,15.411292064853576
0.005,T1,proxy[strat_y] n=200,3.6093598772404265,14.787627303292139
0.005,T1,proxy[strat_y] n=25,-5.950308036604332,-1.8359589472980664
0.005,T1,proxy[strat_y] n=400,2.668796736673309,26.750208099669692
0.005,T1,proxy[strat_y] n=50,-0.23581819481074148,3.980456143676081
0.005,T1,proxy_confident n=100,-6.859227790671019,1.2481846242602845
0.005,T1,proxy_confident n=200,-5.876347271650179,7.827653488474251
0.005,T1,proxy_confident n=25,-2.5783970170205124,0.5136155591499492
0.005,T1,proxy_confident n=400,-8.953303119765193,11.192496484129288
0.005,T1,proxy_confident n=50,-8.584479543203805,3.044863838732481
0.005,T1,related_feats n=100,-2.111665412755994,-6.569527260326957
0.005,T1,related_feats n=200,-1.102151992770728,-1.9829025595832883
0.005,T1,related_feats n=25,-1.9601590900561772,-2.628795918134985
0.005,T1,related_feats n=400,-0.07717971080803743,-3.422268486982638
0.005,T1,related_feats n=50,-3.1805605003870547,-4.230284627276615
0.005,T2,arl,-8.223645985633379,-7.405085753421248
0.005,T2,cluster_rw,5.999520202747554,8.335804308238547
0.005,T2,cvar,-2.2063576130368268,-1.0903308811499812
0.005,T2,jtt,-1.6707380194052757,-5.491514803881481
0.005,T2,oracle,32.55081211229087,42.98343538761343
0.005,T2,proxy[random] n=100,0.3836825204421748,0.153608040521358
0.005,T2,proxy[random] n=200,2.341325815035121,13.3976775302317
0.005,T2,proxy[random] n=25,0.7198122040010712,3.1991963757679986
0.005,T2,proxy[random] n=400,11.897230356948317,24.606145245219157
0.005,T2,proxy[random] n=50,1.3952248373382206,3.5526569820050535
0.005,T2,proxy[random_mnar] n=100,-1.8822163056064434,0.5601545381896167
0.005,T2,proxy[random_mnar] n=200,-1.4009607314924466,4.775200101851851
0.005,T2,proxy[random_mnar] n=25,-3.6510865765002443,2.388379318932443
0.005,T2,proxy[random_mnar] n=400,0.5732194815079759,14.38433005144769
0.005,T2,proxy[random_mnar] n=50,-3.5582414050327387,0.4237576058694015
0.005,T2,proxy[strat_y] n=100,6.7155712087681225,11.084793014510508
0.005,T2,proxy[strat_y] n=200,5.86920178319712,15.133301861003046
0.005,T2,proxy[strat_y] n=25,-4.3384486806852,-1.6861403053333168
0.005,T2,proxy[strat_y] n=400,11.5738029958862,25.425041949221782
0.005,T2,proxy[strat_y] n=50,2.60196465775115,1.8302712115876085
0.005,T2,proxy_confident n=100,-2.5148518210920296,0.3421997689192713
0.005,T2,proxy_confident n=200,-1.7823883261270315,8.84785394495159
0.005,T2,proxy_confident n=25,-1.1523573195034402,2.982913919582275
0.005,T2,proxy_confident n=400,-0.6406557261484629,11.737576169840224
0.005,T2,proxy_confident n=50,-1.4927747943679013,4.292982454974492
0.005,T2,related_feats n=100,-1.6850438601940134,-5.033592759936245
0.005,T2,related_feats n=200,-1.3857564101891806,-2.6476010495032565
0.005,T2,related_feats n=25,-1.8119665298420968,-2.942327284035895
0.005,T2,related_feats n=400,-0.12027371505415108,-3.6616336270514305
0.005,T2,related_feats n=50,-3.829526487545169,-4.485123306540428
0.02,T1,arl,-9.759100364064748,-7.096518029943377
0.02,T1,cluster_rw,10.533397290283133,15.914892485610165
0.02,T1,cvar,-2.2063576130368268,-1.0903308811499812
0.02,T1,jtt,-2.2021649354625117,-11.043752558063314
0.02,T1,oracle,33.68932824923445,42.98343538761343
0.02,T1,proxy[random] n=100,-5.384878730766126,1.5163372880316994
0.02,T1,proxy[random] n=200,-4.859001161500833,19.209752817358773
0.02,T1,proxy[random] n=25,-10.659473365100041,7.838846632517393
0.02,T1,proxy[random] n=400,1.380003278539705,26.086963531651307
0.02,T1,proxy[random] n=50,-7.954264655867904,4.213433388802967
0.02,T1,proxy[random_mnar] n=100,-12.27991555182053,-3.73296493321289
0.02,T1,proxy[random_mnar] n=200,-5.818690018223306,2.3930347828009513
0.02,T1,proxy[random_mnar] n=25,-8.231845454084247,4.184527588233444
0.02,T1,proxy[random_mnar] n=400,-12.879974368211304,13.674191679085123
0.02,T1,proxy[random_mnar] n=50,-8.80146991507395,3.1193130380813727
0.02,T1,proxy[strat_y] n=100,3.2108855548234545,14.45184012203702
0.02,T1,proxy[strat_y] n=200,0.4925970733141554,10.93613097704037
0.02,T1,proxy[strat_y] n=25,-7.934721093083214,-0.04509461803381409
0.02,T1,proxy[strat_y] n=400,3.6065649401505437,25.08323856727501
0.02,T1,proxy[strat_y] n=50,-3.543024041275261,3.3958467305794326
0.02,T1,proxy_confident n=100,-10.154985804015748,1.0266657897993636
0.02,T1,proxy_confident n=200,-10.445708503927731,7.21652824690694
0.02,T1,proxy_confident n=25,-10.798935150844002,0.9793534859247277
0.02,T1,proxy_confident n=400,-13.590979248323379,11.376108287085096
0.02,T1,proxy_confident n=50,-10.214218497069016,5.318446615400241
0.02,T1,related_feats n=100,-8.0472840109868,-7.773828022515961
0.02,T1,related_feats n=200,-0.19860501587486432,-4.483836548217157
0.02,T1,related_feats n=25,-14.65940022817801,-9.624075711185554
0.02,T1,related_feats n=400,2.7803132033623594,9.051205666564021
0.02,T1,related_feats n=50,-9.869328874296588,-11.887585728044069
0.02,T2,arl,-9.759100364064748,-7.096518029943377
0.02,T2,cluster_rw,10.533397290283133,15.914892485610165
0.02,T2,cvar,-2.2063576130368268,-1.0903308811499812
0.02,T2,jtt,-2.2021649354625117,-11.043752558063314
0.02,T2,oracle,33.68932824923445,42.98343538761343
0.02,T2,proxy[random] n=100,-0.9770599051170219,0.153608040521358
0.02,T2,proxy[random] n=200,1.7633065122256848,12.780774769749714
0.02,T2,proxy[random] n=25,1.0160991671751638,4.48657615271274
0.02,T2,proxy[random] n=400,12.384747195930984,24.858142483013957
0.02,T2,proxy[random] n=50,1.146062591325232,4.217852089569918
0.02,T2,proxy[random_mnar] n=100,-3.237730474879355,-0.07604965904954852
0.02,T2,proxy[random_mnar] n=200,-0.19071853945203684,4.081595709490382
0.02,T2,proxy[random_mnar] n=25,-4.4820051169444355,1.6674141810060217
0.02,T2,proxy[random_mnar] n=400,0.1530517465486554,15.139028519483988
0.02,T2,proxy[random_mnar] n=50,-5.132751445746846,2.5620837164005206
0.02,T2,proxy[strat_y] n=100,6.122294086221336,13.240631258446879
0.02,T2,proxy[strat_y] n=200,6.7312038233188005,14.85547742895702
0.02,T2,proxy[strat_y] n=25,-6.290136627930849,-0.841999438928176
0.02,T2,proxy[strat_y] n=400,12.714591634021314,24.016486320805853
0.02,T2,proxy[strat_y] n=50,2.0721621531958783,4.895527713750337
0.02,T2,proxy_confident n=100,-4.3403025232609584,0.6153526579513069
0.02,T2,proxy_confident n=200,-4.6641471235565515,9.426272561560866
0.02,T2,proxy_confident n=25,-2.8847962420753026,3.255995185362359
0.02,T2,proxy_confident n=400,-3.5097373478955625,11.829424418461066
0.02,T2,proxy_confident n=50,-0.7180388893028702,3.697302375092437
0.02,T2,related_feats n=100,-9.543812862102417,-10.139086836221711
0.02,T2,related_feats n=200,-1.6303021019234862,-7.625393459908669
0.02,T2,related_feats n=25,-12.692662749633831,-8.66877255879892
0.02,T2,related_feats n=400,-0.14089999664893088,1.1995881229492134
0.02,T2,related_feats n=50,-10.829159931456385,-9.47952566085255
