arm,acs_CA_2018_ACSIncome-race,acs_FL_2018_ACSIncome-race,acs_NY_2018_ACSIncome-sex,acs_PA_2018_ACSEmployment-sex,acs_TX_2018_ACSIncome-race,MEAN,MEDIAN
arl,-15.833674829022693,-7.090467039205239,-20.519546977837134,-3.84613274481862,-2.0436215753381504,-9.866688633244367,-7.090467039205239
cvar,-1.0903308811499812,2.084220213927712,-8.4790691963893,0.9421552465406768,-4.488763448113242,-2.2063576130368268,-1.0903308811499812
jtt,-28.717393062108453,13.171282593491185,-10.356688209744359,14.915857587326842,-9.362655579588196,-4.069919334124596,-9.362655579588196
cluster_rw,17.99499342799993,11.912590117313304,-17.78808867380979,4.282674441217527,24.016858538443287,8.083805570232851,11.912590117313304
proxy[random] n=25,7.390940277261171,5.330160936067796,-55.51346497577483,-0.05102067693381063,9.047303398183104,-6.759216208239313,5.330160936067796
proxy[random] n=50,12.655718977731167,20.033187037159205,-65.05506829073559,5.574669614425465,-0.35461177350391004,-5.429220886984733,5.574669614425465
proxy[random] n=100,10.782786212268425,23.38210486754444,-58.2180097175103,1.3678625662718158,2.0794528827427827,-4.121160637736566,2.0794528827427827
proxy[random] n=200,18.969327348054264,26.54949147482617,-89.3963472885719,-1.6588140102906435,20.99878328564878,-4.907511838066666,18.969327348054264
proxy[random] n=400,36.35471198122785,39.151861194186154,-94.4301025319265,-0.6015785543994179,26.086963531651307,1.3123711241478802,26.086963531651307
proxy[strat_y] n=25,-1.221568416327301,9.402573754351884,-38.43020361374479,-0.22571092579619645,-1.4563567459310311,-6.386253189489486,-1.221568416327301
proxy[strat_y] n=50,0.14807949590041058,18.2329529436037,-43.727471715179234,3.1340840106314216,13.165182342648906,-1.809434584478959,3.1340840106314216
proxy[strat_y] n=100,15.971221086809784,31.022470631878296,-54.281492416854384,3.853026096073864,26.120059893996995,4.537057058380912,15.971221086809784
proxy[strat_y] n=200,18.700919118806812,31.774064608216023,-50.651607184497195,-3.2148565100284188,11.491337957335046,1.6199715979664528,11.491337957335046
proxy[strat_y] n=400,25.663730579758692,43.25566819502973,-85.37162230558155,2.0238922043465446,33.421810702767665,3.7986958752642153,25.663730579758692
proxy[random_mnar] n=25,-3.623979566261548,4.0939847644233645,-41.5140317976876,7.187003097574419,2.4247713971137896,-6.286450420967515,2.4247713971137896
proxy[random_mnar] n=50,3.661917801986203,3.5609592753619745,-52.05922586192189,10.429272821974077,-1.3970724145025315,-7.160829675420433,3.5609592753619745
proxy[random_mnar] n=100,-0.018171716612624955,12.394565184333961,-59.38493337077566,-2.2497673756975978,-8.158299327404706,-11.483321321231326,-2.2497673756975978
proxy[random_mnar] n=200,9.361373550437813,20.78828447935399,-55.41928615324956,-6.564599445594443,2.1454967855431217,-5.937746156701816,2.1454967855431217
proxy[random_mnar] n=400,18.6382677185568,26.108502350717977,-112.43854089867935,-8.444730947640867,14.271449292094584,-12.37301049699017,14.271449292094584
proxy_confident n=100,1.0815303797062525,17.262896907833024,-62.40090086303185,0.9784655706163048,-4.573852646438481,-9.53037213026295,0.9784655706163048
proxy_confident n=400,16.892068301873653,18.340451340914797,-107.79406490168854,-0.2658183423288607,11.376108287085096,-12.290251062828771,11.376108287085096
related_feats n=100,-12.06453424663978,6.719824156956089,-27.247554607182245,13.559633822597462,-11.825218151501193,-6.1715698051539345,-11.825218151501193
related_feats n=400,-4.530359091294112,10.716446626323972,-22.83089494663768,19.36792452729481,-3.618632232576058,-0.17910302337781375,-3.618632232576058
oracle,55.66794031005365,58.30830004140148,-18.679446190087347,30.900584828508293,42.98343538761343,33.836162875497905,42.98343538761343
