dataset,attr,method,strategy,nlab,eo_red,ci_lo,ci_hi,p,dauc,dacc,tpr_red,dp_red,eo0,n_seeds,harm_rate,arm,t
adult,sex,arl,-,0.0,-2.396453888403216,-5.825565924869119,0.7248604347801976,0.8970633028351496,-0.23359445775537319,-0.13981481481481559,-2.2602440913635613,-0.6255957367570231,0.15513358003353397,30,0.2,arl,adult-sex
adult,sex,cluster_rw,-,0.0,28.37803736144242,23.600021744010466,33.05650310772807,9.313225746154785e-10,-0.38878450639582096,-0.10833333333333398,37.12487069057937,9.646925852755928,0.15513358003353397,30,0.0,cluster_rw,adult-sex
adult,sex,cvar,-,0.0,6.743714769251885,3.782574840936085,9.470399872962354,0.00021199348683748588,-0.20287226712938514,-0.0425925925925937,7.813203551802905,1.702450609701589,0.15513358003353397,30,0.0,cvar,adult-sex
adult,sex,jtt,-,0.0,-9.845159354003163,-15.989356192248845,-4.308801296856966,0.9981277836486697,-0.6564949173225646,-0.24074074074074137,-9.754275197599238,-3.5292994343918638,0.15513358003353397,30,0.5,jtt,adult-sex
adult,sex,oracle,-,0.0,50.6086243017711,46.364349535692455,53.95003577183681,9.313225746154785e-10,-0.47117319112448836,-0.2620370370370377,70.23301177789153,23.071173347365992,0.15513358003353397,30,0.0,oracle,adult-sex
adult,sex,proxy_confident,random,25.0,18.284691776561203,3.3499867448776586,31.745467778720272,0.0023739619814878623,-0.5084416925114806,-0.38148148148148153,26.82025804670665,10.469942965487999,0.15513358003353397,30,0.13333333333333333,proxy_confident n=25,adult-sex
adult,sex,proxy_confident,random,50.0,19.653173313036753,8.58884354792905,29.822905912279776,0.0018168782487876986,-0.5953811618944216,-0.35648148148148173,24.29474175988814,11.374999765275284,0.15513358003353397,30,0.2,proxy_confident n=50,adult-sex
adult,sex,proxy_confident,random,100.0,31.099572024092293,21.26319386708036,39.37679209048702,1.7301585813737826e-05,-0.5716065948404558,-0.36851851851851913,43.09276779858449,16.00598868805604,0.15513358003353397,30,0.1,proxy_confident n=100,adult-sex
adult,sex,proxy_confident,random,200.0,24.855329743184363,16.20176849994183,32.640809111370885,7.988885045051575e-06,-0.5004695665415989,-0.3240740740740733,27.752848201272418,12.290480774610824,0.15513358003353397,30,0.13333333333333333,proxy_confident n=200,adult-sex
adult,sex,proxy_confident,random,400.0,19.478149927200082,12.640755024782703,26.447800056231547,1.0399147868156433e-05,-0.46010009079458625,-0.32962962962962933,21.096078421442975,10.82311108418339,0.15513358003353397,30,0.13333333333333333,proxy_confident n=400,adult-sex
adult,sex,proxy_soft,random,25.0,32.31073171908243,18.47507927868141,45.080616376077664,0.00011581834405660629,-0.4668596496327223,-0.26666666666666694,41.48146009178072,14.55663987464636,0.15513358003353397,30,0.13333333333333333,proxy[random] n=25,adult-sex
adult,sex,proxy_soft,random,50.0,39.7787510947295,30.634720565157433,48.62565986045355,8.195638656616211e-08,-0.650347753185393,-0.35555555555555746,53.63115829886611,18.420905240832298,0.15513358003353397,30,0.1,proxy[random] n=50,adult-sex
adult,sex,proxy_soft,random,100.0,47.57783299971282,39.24390344945177,55.26667919862548,6.51925802230835e-09,-0.6148249676882463,-0.3777777777777784,61.32994570755217,22.19126695573197,0.15513358003353397,30,0.03333333333333333,proxy[random] n=100,adult-sex
adult,sex,proxy_soft,random,200.0,51.031794140830534,46.27686992969802,54.99693973206568,9.313225746154785e-10,-0.5366352992508824,-0.28888888888888925,71.37626813739378,23.34289482970163,0.15513358003353397,30,0.0,proxy[random] n=200,adult-sex
adult,sex,proxy_soft,random,400.0,55.46403572710533,51.0045502935206,59.85154674396915,9.313225746154785e-10,-0.5184624173577823,-0.24999999999999983,73.86930959086129,24.531611110216712,0.15513358003353397,30,0.0,proxy[random] n=400,adult-sex
adult,sex,proxy_soft,random_mnar,25.0,28.8407696697753,22.744793650346235,34.3588638317496,1.30385160446167e-08,-0.6025223869021201,-0.3722222222222238,36.949653125896646,12.829560683459096,0.15513358003353397,30,0.03333333333333333,proxy[random_mnar] n=25,adult-sex
adult,sex,proxy_soft,random_mnar,50.0,17.526397566287756,2.334355018274649,30.510981481993774,0.0010100910440087318,-0.5057869271463311,-0.24629629629629632,26.548688060908752,9.021500701496365,0.15513358003353397,30,0.1,proxy[random_mnar] n=50,adult-sex
adult,sex,proxy_soft,random_mnar,100.0,33.384985581565054,26.25841955725244,40.25842628601387,6.51925802230835e-09,-0.5170976569543257,-0.34629629629629677,41.43773651058024,16.291375905839345,0.15513358003353397,30,0.0,proxy[random_mnar] n=100,adult-sex
adult,sex,proxy_soft,random_mnar,200.0,38.67703434540493,31.675922295382808,45.08868999779113,6.51925802230835e-09,-0.5739980688123029,-0.31481481481481555,50.976119791837824,18.024260114432177,0.15513358003353397,30,0.03333333333333333,proxy[random_mnar] n=200,adult-sex
adult,sex,proxy_soft,random_mnar,400.0,40.0138149451139,34.92922479932959,44.35734903338115,9.313225746154785e-10,-0.5755962796767244,-0.2999999999999999,51.59028095256208,18.271818133757744,0.15513358003353397,30,0.0,proxy[random_mnar] n=400,adult-sex
adult,sex,proxy_soft,strat_y,25.0,33.813083870117325,23.20623822296984,42.82178323114378,1.8952414393424988e-06,-0.5323185522945713,-0.344444444444445,42.69179950119777,15.59640090982043,0.15513358003353397,30,0.06666666666666667,proxy[strat_y] n=25,adult-sex
adult,sex,proxy_soft,strat_y,50.0,40.2921747536696,30.615288955891085,48.297963475047865,2.3562461137771606e-07,-0.6086261278961103,-0.3370370370370376,55.002363422261304,20.686858306909183,0.15513358003353397,30,0.06666666666666667,proxy[strat_y] n=50,adult-sex
adult,sex,proxy_soft,strat_y,100.0,49.71037518177418,45.33264632963497,53.60072082701905,9.313225746154785e-10,-0.5540145059685805,-0.2907407407407414,65.41518600354077,22.785365493201592,0.15513358003353397,30,0.0,proxy[strat_y] n=100,adult-sex
adult,sex,proxy_soft,strat_y,200.0,53.02722598824068,48.85255065019637,57.038190619716126,9.313225746154785e-10,-0.5466494452278029,-0.2907407407407407,68.63171912005916,23.5099533656438,0.15513358003353397,30,0.0,proxy[strat_y] n=200,adult-sex
adult,sex,proxy_soft,strat_y,400.0,54.8636050529598,51.051474123502686,58.92747355022437,9.313225746154785e-10,-0.5133951165783927,-0.29722222222222316,73.48657741007926,25.32472689898334,0.15513358003353397,30,0.0,proxy[strat_y] n=400,adult-sex
adult,sex,related_feats,random,25.0,8.516772353330737,1.7399161707273831,18.26334193723479,0.023199730935452297,-0.15635174441256505,-0.10000000000000046,9.401264923850604,2.8484241556797185,0.15513358003353397,30,0.0,related_feats n=25,adult-sex
adult,sex,related_feats,random,50.0,5.774357840965083,0.972496612082237,11.23573697083856,0.033944577430914495,-0.1085459569497893,-0.06666666666666674,5.845987186986612,2.136403245955798,0.15513358003353397,30,0.0,related_feats n=50,adult-sex
adult,sex,related_feats,random,100.0,5.326912339152701,0.0,11.282723971741435,0.05440471502027284,-0.09417095556983521,-0.02777777777777805,5.833240761023061,1.8208180153066134,0.15513358003353397,30,0.0,related_feats n=100,adult-sex
adult,sex,related_feats,random,200.0,7.959401279311262,0.9891797938634487,17.514296742955004,0.033944577430914495,-0.15466822546493528,-0.048148148148147905,9.22154893749434,3.1766257971972856,0.15513358003353397,30,0.0,related_feats n=200,adult-sex
adult,sex,related_feats,random,400.0,7.787068424463673,0.0,17.664158014424892,0.05440471502027284,-0.12959580537542723,-0.057407407407407504,8.983827554540536,2.8795559250665903,0.15513358003353397,30,0.0,related_feats n=400,adult-sex
compas,race,arl,-,0.0,5.746513449843804,1.3652654240879842,10.747445269926557,0.034946455620229244,-0.12110396787188837,0.1452020202020199,7.245056140448258,5.1941498417571115,0.2500551938796214,30,0.23333333333333334,arl,compas-race
compas,race,cluster_rw,-,0.0,3.8732209948029395,-0.1291102576704228,8.049010023315107,0.059538284316658974,-0.40513308228028605,-0.008417508417510136,1.5876317868869005,2.4261502325915285,0.2500551938796214,30,0.26666666666666666,cluster_rw,compas-race
compas,race,cvar,-,0.0,-0.7010050735214435,-1.6611486895393528,0.24041353787757333,0.9279238467789312,-0.036240824696404474,-0.11784511784511786,-0.9308665287422357,-0.5392891340511907,0.2500551938796214,30,0.16666666666666666,cvar,compas-race
compas,race,jtt,-,0.0,-3.9950049993203507,-7.354861257927482,-0.9970720280343767,0.9882949283346534,-0.23450943795921644,0.15993265993266004,-6.595257317662018,-4.431216651306835,0.2500551938796214,30,0.5666666666666667,jtt,compas-race
compas,race,oracle,-,0.0,11.393011056798896,8.370395479896384,14.424455114395657,3.9998668708673125e-06,-0.44697077953025205,-0.29250841750841844,9.78454648769106,9.255901694984592,0.2500551938796214,30,0.03333333333333333,oracle,compas-race
compas,race,proxy_confident,random,25.0,6.0370859193707656,2.0866703650882306,10.560673190808178,0.00459071055154624,-0.4072779495634922,-0.47558922558922617,5.74187671338332,5.671276754993293,0.2500551938796214,30,0.06666666666666667,proxy_confident n=25,compas-race
compas,race,proxy_confident,random,50.0,8.122303168529399,4.756047986123049,11.961667935326226,0.0001757662842537316,-0.45822460622456357,-0.27567340067340185,5.052293483197601,5.946371609831069,0.2500551938796214,30,0.0,proxy_confident n=50,compas-race
compas,race,proxy_confident,random,100.0,9.785037286820842,5.72486215391771,14.142371094052251,0.00014652626009624466,-0.3078277504472156,-0.3472222222222217,6.970763694975323,7.442857773555911,0.2500551938796214,30,0.0,proxy_confident n=100,compas-race
compas,race,proxy_confident,random,200.0,5.021580267543236,1.7514841236465093,8.41604013037178,0.005859342799884314,-0.12027860087495458,-0.06734006734006703,3.6782412369357753,3.815428558222278,0.2500551938796214,30,0.0,proxy_confident n=200,compas-race
compas,race,proxy_confident,random,400.0,6.568586257315479,2.2042279245767546,11.781179195299224,0.008980238763039383,-0.3798949470026769,-0.185185185185186,7.322105339073525,5.980566269999121,0.2500551938796214,30,0.0,proxy_confident n=400,compas-race
compas,race,proxy_soft,random,25.0,4.610207318114279,1.276778316994896,7.716000466029817,0.011049427092075348,-0.6272371114387884,-0.660774410774411,3.7477659298324806,4.580739294862268,0.2500551938796214,30,0.23333333333333334,proxy[random] n=25,compas-race
compas,race,proxy_soft,random,50.0,4.0216480065971005,0.330677935078601,7.690332685473782,0.08529919758439064,-0.6745829131224576,-0.6334175084175083,2.4805352209657627,3.558048499564126,0.2500551938796214,30,0.26666666666666666,proxy[random] n=50,compas-race
compas,race,proxy_soft,random,100.0,9.142829667056784,5.525594400040192,13.13044508764666,4.428252577781677e-05,-0.5115278056341103,-0.6397306397306405,5.497705758398985,7.0839717129112305,0.2500551938796214,30,0.06666666666666667,proxy[random] n=100,compas-race
compas,race,proxy_soft,random,200.0,7.165157505933339,4.80436825710911,9.637451303035235,2.12623775252635e-05,-0.5211200302530006,-0.5808080808080814,5.94244949391598,6.184775193883308,0.2500551938796214,30,0.03333333333333333,proxy[random] n=200,compas-race
compas,race,proxy_soft,random,400.0,11.311814879950688,8.267571775811938,14.387585639081633,1.5739351511001587e-07,-0.6965714420604496,-0.5324074074074074,9.849465239799937,9.388950258047613,0.2500551938796214,30,0.0,proxy[random] n=400,compas-race
compas,race,proxy_soft,random_mnar,25.0,5.048233528210622,0.8047842588941865,10.24518352089897,0.03549532226198432,-0.7333744142630976,-0.9385521885521882,2.8787318809575746,4.306388506175917,0.2500551938796214,30,0.26666666666666666,proxy[random_mnar] n=25,compas-race
compas,race,proxy_soft,random_mnar,50.0,7.900407177828129,3.3979992242743045,12.773238705633757,0.004775438089362687,-0.8126006166242902,-0.9069865319865327,4.638142306799553,6.213542360477653,0.2500551938796214,30,0.23333333333333334,proxy[random_mnar] n=50,compas-race
compas,race,proxy_soft,random_mnar,100.0,3.6823802225564695,0.39963838721937234,6.754634537494779,0.034946455620229244,-0.5160433983656257,-0.4755892255892254,1.8912976223626088,2.8328567582767916,0.2500551938796214,30,0.2,proxy[random_mnar] n=100,compas-race
compas,race,proxy_soft,random_mnar,200.0,4.919023520111354,2.0061315111819544,7.443128789487198,0.0009484998997385195,-0.6732594322667526,-0.6481481481481488,2.4058362140734424,3.9312677941631846,0.2500551938796214,30,0.03333333333333333,proxy[random_mnar] n=200,compas-race
compas,race,proxy_soft,random_mnar,400.0,6.164691442709513,2.5032907818035484,9.930989054748474,0.0006160521879792213,-0.4984832100140605,-0.473484848484849,3.2198410901775443,4.4403351524689105,0.2500551938796214,30,0.1,proxy[random_mnar] n=400,compas-race
compas,race,proxy_soft,strat_y,25.0,8.048646130310122,3.1817173618605024,12.928963204289149,0.004352731630206108,-0.5881401446102,-0.6881313131313138,4.0765689719170055,5.783718546370819,0.2500551938796214,30,0.23333333333333334,proxy[strat_y] n=25,compas-race
compas,race,proxy_soft,strat_y,50.0,4.7726630822855,1.5819019231103093,8.314638757949261,0.005651530809700489,-0.4826555131126409,-0.4377104377104376,3.1923680013324685,3.7601965146685012,0.2500551938796214,30,0.26666666666666666,proxy[strat_y] n=50,compas-race
compas,race,proxy_soft,strat_y,100.0,7.879035783583821,3.89724534366945,12.525916764070805,0.0016114944592118263,-0.5645996458430103,-0.410353535353537,5.553243204491531,5.987168504269336,0.2500551938796214,30,0.16666666666666666,proxy[strat_y] n=100,compas-race
compas,race,proxy_soft,strat_y,200.0,8.30341971086128,4.3380271284307526,11.985424936403438,0.0004758872091770172,-0.4429593272738067,-0.288299663299663,5.088038605877198,5.859920038032518,0.2500551938796214,30,0.16666666666666666,proxy[strat_y] n=200,compas-race
compas,race,proxy_soft,strat_y,400.0,9.018745700328502,4.579904109085163,13.126942295768838,0.0001416318118572235,-0.5933613786669745,-0.5450336700336692,4.558436120832798,6.587942692649651,0.2500551938796214,30,0.13333333333333333,proxy[strat_y] n=400,compas-race
compas,race,related_feats,random,25.0,3.2363605888284352,0.6000307276264497,5.871982767426634,0.018328964336107256,-0.3843910662345259,-0.37668350168350206,-3.3124830611333644,0.8034443048878459,0.2500551938796214,30,0.06666666666666667,related_feats n=25,compas-race
compas,race,related_feats,random,50.0,1.5044161352649854,0.02285581694400435,3.3847057629533412,0.057925748762965044,-0.28961548261932163,-0.1914983164983164,0.5925545399310561,1.0773321654611978,0.2500551938796214,30,0.0,related_feats n=50,compas-race
compas,race,related_feats,random,100.0,2.9520692999498,0.45801424780466476,5.8809269434983635,0.021261238999025815,-0.38889882234780665,-0.25673400673400704,0.5750717692805218,1.7723048398224472,0.2500551938796214,30,0.03333333333333333,related_feats n=100,compas-race
compas,race,related_feats,random,200.0,1.7941706635473564,-0.4102241740267848,4.229604375984222,0.08071473118354167,-0.2799946627191748,-0.2546296296296295,0.30927057913108236,1.2025442256217822,0.2500551938796214,30,0.1,related_feats n=200,compas-race
compas,race,related_feats,random,400.0,2.12090963860605,-0.25883470508659245,4.756322812535092,0.10131080385615598,-0.39805584098560165,-0.21675084175084308,1.145577091984007,1.6453518080888352,0.2500551938796214,30,0.06666666666666667,related_feats n=400,compas-race
compas,sex,arl,-,0.0,0.2793155725628438,-3.5788618078336296,4.14820175140204,0.47576323710381985,0.059525428428965174,0.3556397306397304,-2.4603418820091205,-1.186909643509404,0.1439941348022952,30,0.23333333333333334,arl,compas-sex
compas,sex,cluster_rw,-,0.0,3.339418801280858,-3.607352577344727,10.180984941422981,0.25191084478088566,-0.36163217636848266,0.004208754208754328,19.87831827071925,7.447429781457126,0.1439941348022952,30,0.3333333333333333,cluster_rw,compas-sex
compas,sex,cvar,-,0.0,1.6390429875588808,0.07727237254305824,3.3472442503942266,0.05309997743573938,-0.031079931632685225,-0.08838383838383794,-0.47435084616325174,0.5456608445360556,0.1439941348022952,30,0.06666666666666667,cvar,compas-sex
compas,sex,jtt,-,0.0,1.9911844701482884,-4.636833529881581,8.376490470805107,0.30715259993844934,-0.27654633058957695,0.11153198653198601,15.17566451968937,5.208115995997287,0.1439941348022952,30,0.36666666666666664,jtt,compas-sex
compas,sex,oracle,-,0.0,10.572851279759398,3.6570435231531166,17.263980526418226,0.008438791872013117,-0.5712883932880611,-0.6881313131313135,7.737931179118163,7.968773627162918,0.1439941348022952,30,0.13333333333333333,oracle,compas-sex
compas,sex,proxy_confident,random,25.0,2.2430569089579633,-2.7674773563741404,9.201562726882747,0.2536742466912006,-0.271448112566095,-0.3472222222222221,5.028445517801661,3.7651656555472424,0.1439941348022952,30,0.06666666666666667,proxy_confident n=25,compas-sex
compas,sex,proxy_confident,random,50.0,2.6077848151058514,0.25341514030142037,6.465642933915977,0.033944577430914495,-0.04487071804347893,-0.04419191919191897,-1.1634047957721272,0.8452974861204332,0.1439941348022952,30,0.0,proxy_confident n=50,compas-sex
compas,sex,proxy_confident,random,100.0,0.019389883627607407,-1.021910165414927,0.9134495194208042,0.553630799527826,-0.0670767639114426,-0.13678451178451195,-0.3346382800154535,0.7286477010425951,0.1439941348022952,30,0.03333333333333333,proxy_confident n=100,compas-sex
compas,sex,proxy_confident,random,200.0,1.1092743240386782,-0.5663968988137252,4.209710969788621,0.5,-0.046481242983950066,-0.07786195286195285,0.8179840379561654,0.9302852768452441,0.1439941348022952,30,0.0,proxy_confident n=200,compas-sex
compas,sex,proxy_confident,random,400.0,0.9364645826887341,0.0,2.6138677395381156,0.08985624743949988,-0.015619958776960836,-0.01052188552188508,0.14466048459312875,0.39764055434216017,0.1439941348022952,30,0.0,proxy_confident n=400,compas-sex
compas,sex,proxy_soft,random,25.0,14.174048555322305,6.7979778129367405,20.790118515439673,0.0004758872091770172,-0.6822386296672581,-1.1090067340067338,10.266003610693398,11.198632743349101,0.1439941348022952,30,0.13333333333333333,proxy[random] n=25,compas-sex
compas,sex,proxy_soft,random,50.0,7.616941484292661,1.4091231775232038,13.28704619915047,0.007954709273043242,-0.4670628984649372,-0.42087542087542096,7.243713308621979,5.939696812887596,0.1439941348022952,30,0.13333333333333333,proxy[random] n=50,compas-sex
compas,sex,proxy_soft,random,100.0,4.981984647072501,-0.5470063191103747,11.032178130942196,0.057088336907327175,-0.4123690448573884,-0.39562289562289615,10.38549066863963,6.093247716662431,0.1439941348022952,30,0.26666666666666666,proxy[random] n=100,compas-sex
compas,sex,proxy_soft,random,200.0,12.210890900423877,6.415593496947934,18.531029223929668,0.0005567312137499981,-0.49762020942157087,-0.656565656565657,8.166238632952073,8.829241522765619,0.1439941348022952,30,0.13333333333333333,proxy[random] n=200,compas-sex
compas,sex,proxy_soft,random,400.0,12.156141152736033,5.90483289678266,17.887404741392928,0.000859295018017292,-0.5373553793932825,-0.41035353535353514,15.434633542140997,10.451578568632414,0.1439941348022952,30,0.16666666666666666,proxy[random] n=400,compas-sex
compas,sex,proxy_soft,random_mnar,25.0,12.302493554472782,5.928722677300892,19.42510001400407,0.0007916418835520744,-0.340412710348158,-0.2777777777777779,9.608821634573495,9.205030308701179,0.1439941348022952,30,0.1,proxy[random_mnar] n=25,compas-sex
compas,sex,proxy_soft,random_mnar,50.0,8.007018348332451,1.2722463935870412,14.988784178104092,0.01659054140252074,-0.5988859647017719,-0.5808080808080814,14.848359495993247,10.158383887326316,0.1439941348022952,30,0.2,proxy[random_mnar] n=50,compas-sex
compas,sex,proxy_soft,random_mnar,100.0,11.766742891930114,7.321448283727941,16.142011379368057,0.00013447291441334803,-0.5692459063602425,-0.6986531986531993,18.45340855139671,12.375441330007986,0.1439941348022952,30,0.13333333333333333,proxy[random_mnar] n=100,compas-sex
compas,sex,proxy_soft,random_mnar,200.0,14.234500886054303,9.025492326994492,20.09086936369953,5.747211750294306e-05,-0.5280868616895055,-0.6902356902356902,12.450600624741458,11.246904892443476,0.1439941348022952,30,0.03333333333333333,proxy[random_mnar] n=200,compas-sex
compas,sex,proxy_soft,random_mnar,400.0,11.839670006812364,5.698331304633677,17.60585470738389,0.0008845920176004816,-0.5400911386464669,-0.6902356902356921,13.18046210296082,10.12916003711255,0.1439941348022952,30,0.1,proxy[random_mnar] n=400,compas-sex
compas,sex,proxy_soft,strat_y,25.0,11.213501496896694,4.58146707757412,17.34352278482002,0.005218130275115294,-0.472422426826441,-0.5555555555555554,17.664481313109192,11.6471239721875,0.1439941348022952,30,0.16666666666666666,proxy[strat_y] n=25,compas-sex
compas,sex,proxy_soft,strat_y,50.0,13.739101260093866,8.088160980088636,18.6200749811092,6.869714707136154e-05,-0.6726181429367561,-0.8101851851851857,16.067044655210584,12.905473487183484,0.1439941348022952,30,0.1,proxy[strat_y] n=50,compas-sex
compas,sex,proxy_soft,strat_y,100.0,5.748293341855604,-0.501490193008633,12.010180873597177,0.023629524745047092,-0.4066628803332006,-0.677609427609428,11.728982993231174,7.39451004070596,0.1439941348022952,30,0.13333333333333333,proxy[strat_y] n=100,compas-sex
compas,sex,proxy_soft,strat_y,200.0,10.086345228016924,4.403023005107191,15.888334839113524,0.0018168782487876986,-0.6136633309602113,-0.6881313131313138,13.009868454100392,9.190471873142714,0.1439941348022952,30,0.13333333333333333,proxy[strat_y] n=200,compas-sex
compas,sex,proxy_soft,strat_y,400.0,9.805362332612688,2.627618114464745,16.206809529934503,0.002169116400182247,-0.4587329648324297,-0.6755050505050512,15.050165218479695,9.824145029660425,0.1439941348022952,30,0.1,proxy[strat_y] n=400,compas-sex
compas,sex,related_feats,random,25.0,7.732462195356615,1.6956753754518974,14.19730808597725,0.01253092217194181,-0.4232534203656753,-0.33459595959595984,9.379635879350312,6.52631547285022,0.1439941348022952,30,0.03333333333333333,related_feats n=25,compas-sex
compas,sex,related_feats,random,50.0,4.106493091830599,0.1207099288662742,8.589271188902767,0.045484473987678874,-0.21927670365007906,-0.1367845117845116,4.453611450232964,3.3886237573423794,0.1439941348022952,30,0.03333333333333333,related_feats n=50,compas-sex
compas,sex,related_feats,random,100.0,5.156954634226196,0.09840578123859334,10.960517144458153,0.03980790073005672,-0.1430274135876053,-0.06734006734006703,5.854304164082247,4.078640158524561,0.1439941348022952,30,0.03333333333333333,related_feats n=100,compas-sex
compas,sex,related_feats,random,200.0,2.638567116758017,0.06132230679167072,7.257270994958539,0.033944577430914495,-0.17114760567736753,-0.15361952861952893,3.339513890747814,2.150541716161103,0.1439941348022952,30,0.0,related_feats n=200,compas-sex
compas,sex,related_feats,random,400.0,2.86033115214549,0.0,6.955207763858796,0.05440471502027284,-0.12006410102577711,-0.10521885521885563,2.4735925626086064,2.0584035084324714,0.1439941348022952,30,0.0,related_feats n=400,compas-sex
credit,age,arl,-,0.0,-4.461911621578585,-9.575462190062133,0.49880666224626646,0.9540251865983009,0.1975642098229857,-0.25092592592592594,-7.803208941811746,-4.60997445980833,0.16732237613720713,30,0.5666666666666667,arl,credit-age
credit,age,cluster_rw,-,0.0,31.007831818014964,24.854261708720998,37.118860030701484,8.666533220995528e-07,-0.5604483933313376,-0.2888888888888889,47.7226709997043,37.728283525917526,0.16732237613720713,30,0.0,cluster_rw,credit-age
credit,age,cvar,-,0.0,-0.8886380017794959,-4.0973580662289715,1.9827635592556547,0.6367141359432096,-0.014167469788375724,-0.1259259259259256,-3.9606102497471873,-2.1733566522578407,0.16732237613720713,30,0.2,cvar,credit-age
credit,age,jtt,-,0.0,-5.946322468265519,-13.749071295555082,0.48398659823533363,0.9353234618902206,0.06068511466697846,-0.7999999999999988,-11.767644145486411,-6.416795133517494,0.16732237613720713,30,0.4666666666666667,jtt,credit-age
credit,age,oracle,-,0.0,34.07834251863222,28.66462854425162,39.56837998655271,9.313225746154785e-10,-0.8079232787121046,-0.17870370370370278,50.52748806196201,40.57369106507611,0.16732237613720713,30,0.0,oracle,credit-age
credit,age,proxy_confident,random,25.0,6.287868628365134,1.6599461513513913,11.983451347522395,0.020663429456250205,-0.4034364208868054,-0.13333333333333383,5.971376994594402,5.786605682920021,0.16732237613720713,30,0.06666666666666667,proxy_confident n=25,credit-age
credit,age,proxy_confident,random,50.0,4.368191175972336,0.8310181897244534,8.387368762211297,0.02399487484747973,-0.3020707484199055,-0.19629629629629736,4.693082757832389,4.18713735082934,0.16732237613720713,30,0.06666666666666667,proxy_confident n=50,credit-age
credit,age,proxy_confident,random,100.0,1.1064186296002143,-3.4640079148861624,5.748635265567294,0.22299084458849583,-0.28899101801812765,-0.11296296296296324,8.276752196447546,5.565799157859718,0.16732237613720713,30,0.13333333333333333,proxy_confident n=100,credit-age
credit,age,proxy_confident,random,200.0,1.0204515808080683,-0.8715306471461158,3.1948477531958797,0.3188833494638016,-0.14636734585472172,-0.009259259259258856,3.9536134122615363,2.8564964969560847,0.16732237613720713,30,0.03333333333333333,proxy_confident n=200,credit-age
credit,age,proxy_confident,random,400.0,-2.1181644274567812,-8.456936273971014,1.0679129766105373,0.5,-0.09955724978301068,-0.07407407407407418,-2.503801540399331,-2.026756010134334,0.16732237613720713,30,0.06666666666666667,proxy_confident n=400,credit-age
credit,age,proxy_soft,random,25.0,14.857686436398442,6.054967504954191,23.61184141160619,0.003856944527423492,-0.6953579192276664,-0.23518518518518605,16.8556078988083,14.578510057907968,0.16732237613720713,30,0.23333333333333334,proxy[random] n=25,credit-age
credit,age,proxy_soft,random,50.0,17.035644745362866,10.132963423292177,23.64204262534437,0.00011356556144245599,-0.6533150760231351,-0.30740740740740774,23.781677969227065,20.622377276886873,0.16732237613720713,30,0.1,proxy[random] n=50,credit-age
credit,age,proxy_soft,random,100.0,19.55616380197136,10.924227487940048,26.698135857176975,8.784591857530845e-05,-0.7345150450471816,-0.32037037037037047,31.45777750564961,24.976781339782573,0.16732237613720713,30,0.1,proxy[random] n=100,credit-age
credit,age,proxy_soft,random,200.0,27.7371041055698,22.769055377371824,33.10208438449648,6.51925802230835e-09,-0.7521710397818664,-0.22222222222222218,42.09876589849079,32.92140313775324,0.16732237613720713,30,0.03333333333333333,proxy[random] n=200,credit-age
credit,age,proxy_soft,random,400.0,35.60047783701319,30.49916385147968,40.830537726056654,9.313225746154785e-10,-0.9885089062579033,-0.22777777777777788,49.123494718897796,40.078031563155356,0.16732237613720713,30,0.0,proxy[random] n=400,credit-age
credit,age,proxy_soft,random_mnar,25.0,7.93624721636238,0.9073484256505944,14.457626037698875,0.036013892473220975,-0.6454323226906455,-0.39074074074074117,10.984039843397008,10.184134687510193,0.16732237613720713,30,0.2,proxy[random_mnar] n=25,credit-age
credit,age,proxy_soft,random_mnar,50.0,14.33873649509505,7.099875810785392,22.670223384090775,0.001543874934259968,-0.7466338643859072,-0.2648148148148155,15.389119834775967,13.874707918302686,0.16732237613720713,30,0.16666666666666666,proxy[random_mnar] n=50,credit-age
credit,age,proxy_soft,random_mnar,100.0,19.46498082407735,12.070393114842245,26.46269077416738,2.2037886083126068e-05,-0.7705074311698964,-0.27129629629629576,32.43020835163705,25.085327235852517,0.16732237613720713,30,0.1,proxy[random_mnar] n=100,credit-age
credit,age,proxy_soft,random_mnar,200.0,20.348682710004574,12.085092788959441,28.552386255941656,9.122304618358612e-06,-0.9344815325278104,-0.33611111111111186,23.192367014141514,20.97160735941188,0.16732237613720713,30,0.06666666666666667,proxy[random_mnar] n=200,credit-age
credit,age,proxy_soft,random_mnar,400.0,27.611719969013294,20.92692331310729,33.59102433430549,1.0244548320770264e-07,-0.8693066952075152,-0.26111111111111085,38.03496084932657,31.312671005222214,0.16732237613720713,30,0.06666666666666667,proxy[random_mnar] n=400,credit-age
credit,age,proxy_soft,strat_y,25.0,14.039966229699807,5.46189771181732,21.60295090165921,0.0022099963965138943,-0.6908294020283274,-0.40092592592592496,21.04701580785161,16.66227282693371,0.16732237613720713,30,0.13333333333333333,proxy[strat_y] n=25,credit-age
credit,age,proxy_soft,strat_y,50.0,14.144725336370279,6.263743748297074,21.73298881115729,0.0016114944592118263,-0.5857961528642389,-0.28148148148148217,19.050539720504254,16.80875914700717,0.16732237613720713,30,0.23333333333333334,proxy[strat_y] n=50,credit-age
credit,age,proxy_soft,strat_y,100.0,18.409216796709803,12.728933168776472,23.900933169239952,1.3811513781547546e-06,-0.6044249954453729,-0.3388888888888897,27.415238912373486,22.39739061079914,0.16732237613720713,30,0.03333333333333333,proxy[strat_y] n=100,credit-age
credit,age,proxy_soft,strat_y,200.0,29.00515072993134,24.001514896824727,34.23681823086957,1.862645149230957e-09,-0.8804123800558447,-0.1138888888888893,40.46778084633472,32.44804260996398,0.16732237613720713,30,0.0,proxy[strat_y] n=200,credit-age
credit,age,proxy_soft,strat_y,400.0,29.300328240024896,23.924333388596803,35.34827527977988,9.313225746154785e-10,-0.9066539062452201,-0.20277777777777803,45.63493825203807,36.87054427706652,0.16732237613720713,30,0.0,proxy[strat_y] n=400,credit-age
credit,age,related_feats,random,25.0,11.61775032465635,2.9961781393019815,20.291447601055538,0.008529359265747258,-0.3864100914760467,-0.28703703703703715,20.945552066431915,16.601521127438744,0.16732237613720713,30,0.06666666666666667,related_feats n=25,credit-age
credit,age,related_feats,random,50.0,8.299298258436972,2.4415624617041365,15.863475291698741,0.0034552149039073997,-0.3881454013616585,-0.26851851851851866,17.947909240576053,13.315371726794655,0.16732237613720713,30,0.0,related_feats n=50,credit-age
credit,age,related_feats,random,100.0,8.855292074476218,2.8706696519204185,16.06056940132256,0.005859342799884314,-0.3894226371846021,-0.15740740740740722,14.053676942484717,11.560037064622176,0.16732237613720713,30,0.0,related_feats n=100,credit-age
credit,age,related_feats,random,200.0,16.025327865288286,7.268938187537073,25.13730682921841,0.0011088607321185246,-0.4453136412217721,-0.22592592592592609,20.37317647642467,16.66922075233568,0.16732237613720713,30,0.0,related_feats n=200,credit-age
credit,age,related_feats,random,400.0,12.1480112548361,4.820302166156984,20.412756429139495,0.005859342799884314,-0.18267008834562634,-0.17777777777777745,17.202139358275947,14.144520907205326,0.16732237613720713,30,0.0,related_feats n=400,credit-age
dutch,sex,arl,-,0.0,6.6457994233134805,-0.6535787078694287,13.92973296235318,0.12671805266290903,-0.21534885149409339,-0.30361936499120595,-13.010042689106571,3.514685160044606,0.048449177441069614,30,0.06666666666666667,arl,dutch-sex
dutch,sex,cluster_rw,-,0.0,-15.527240344957715,-23.776834528518556,-7.927955099709976,0.9999383315443993,-0.4508647572687689,-0.38970656299176176,-24.272596050489838,2.2757567076533203,0.048449177441069614,30,0.3,cluster_rw,dutch-sex
dutch,sex,cvar,-,0.0,3.768226445773837,0.5903893377510028,6.90437800092214,0.029243485090946077,-0.029481228087860908,-0.1388503193557348,10.566628789042143,-0.34594544313417686,0.048449177441069614,30,0.0,cvar,dutch-sex
dutch,sex,jtt,-,0.0,-5.170275653206735,-14.271176041375966,2.688963038144719,0.830629107542336,-0.7391213026465993,-1.1941127464593173,28.02923743128285,-1.1526287720040829,0.048449177441069614,30,0.26666666666666666,jtt,dutch-sex
dutch,sex,oracle,-,0.0,18.991693981901857,12.545255836015743,24.687217384330143,7.988885045051575e-06,-0.13024744835439103,-0.2702952883458306,27.271582568102982,0.09562303275530981,0.048449177441069614,30,0.06666666666666667,oracle,dutch-sex
dutch,sex,proxy_confident,random,25.0,-13.508033268317043,-23.31657842721445,-4.29457790007468,0.9968841585244064,-0.579946581216404,-0.704433953531427,-17.13829427843121,2.1413094861750137,0.048449177441069614,30,0.5,proxy_confident n=25,dutch-sex
dutch,sex,proxy_confident,random,50.0,-6.58351230380152,-14.03311094033968,1.3921120647703333,0.9633779628202319,-0.5777905367788017,-0.6340831250578546,-33.10586284205031,5.1566939243158245,0.048449177441069614,30,0.26666666666666666,proxy_confident n=50,dutch-sex
dutch,sex,proxy_confident,random,100.0,-4.568489224109018,-15.291940534616257,6.934839555655372,0.8200610363855958,-0.5965518335962465,-0.6220494307136915,-36.469088787199475,8.296978215091123,0.048449177441069614,30,0.36666666666666664,proxy_confident n=100,dutch-sex
dutch,sex,proxy_confident,random,200.0,-26.08798356778099,-44.653521687936,-7.729018959731166,0.9959285100921988,-0.8005098241216005,-0.9256687957048975,-82.54015540063276,15.921794994949256,0.048449177441069614,30,0.5666666666666667,proxy_confident n=200,dutch-sex
dutch,sex,proxy_confident,random,400.0,-21.173993336460196,-34.98620966902447,-8.610212393663842,0.9966802317649126,-0.6915646513422627,-0.7229473294455242,-79.35259973588047,16.892015684780237,0.048449177441069614,30,0.4666666666666667,proxy_confident n=400,dutch-sex
dutch,sex,proxy_soft,random,25.0,-11.073090906356885,-19.884374825101535,-2.245554136948924,0.9907352598384023,-0.4847142426935162,-0.5822456724983801,-20.078314548078957,1.891808469540246,0.048449177441069614,30,0.4,proxy[random] n=25,dutch-sex
dutch,sex,proxy_soft,random,50.0,-6.410155419354369,-14.445225240571792,0.9483243271868093,0.9815396064893861,-0.4648300919493183,-0.5155975192076275,-27.44111053100331,3.9279102180368564,0.048449177441069614,30,0.16666666666666666,proxy[random] n=50,dutch-sex
dutch,sex,proxy_soft,random,100.0,-5.027072229050034,-16.9654204417821,6.7132965535325795,0.7860226966440678,-0.5605071404028128,-0.6396371378320831,-39.118270323393034,8.997893765093433,0.048449177441069614,30,0.26666666666666666,proxy[random] n=100,dutch-sex
dutch,sex,proxy_soft,random,200.0,-22.20763130623764,-40.31889061931706,-4.026192435705297,0.9889505729079247,-0.7256058309665292,-0.7951494955105076,-78.074997696631,14.568186108194292,0.048449177441069614,30,0.5666666666666667,proxy[random] n=200,dutch-sex
dutch,sex,proxy_soft,random,400.0,-26.26380319029906,-41.65830506240833,-11.861859978274197,0.999635199084878,-0.6672632890973226,-0.7118393038970653,-86.8861521452045,17.5451197184049,0.048449177441069614,30,0.5666666666666667,proxy[random] n=400,dutch-sex
dutch,sex,proxy_soft,random_mnar,25.0,-9.733691477949534,-18.41630568616695,-1.3524963470239133,0.988733103886209,-0.4757066765440735,-0.3832268814218283,-12.552440035625455,2.3618697076441153,0.048449177441069614,30,0.3,proxy[random_mnar] n=25,dutch-sex
dutch,sex,proxy_soft,random_mnar,50.0,-7.4276721576227445,-18.389529062668924,3.3956764755116664,0.830629107542336,-0.4910293298308969,-0.5118948440248076,-15.257209545161409,3.5434019387345805,0.048449177441069614,30,0.3333333333333333,proxy[random_mnar] n=50,dutch-sex
dutch,sex,proxy_soft,random_mnar,100.0,-9.01822250203117,-21.908436010960653,3.380728557410619,0.8146296963095665,-0.495892797183212,-0.5655836341756922,-38.3418813918492,7.5387037798673395,0.048449177441069614,30,0.3333333333333333,proxy[random_mnar] n=100,dutch-sex
dutch,sex,proxy_soft,random_mnar,200.0,-4.054326417522258,-15.191328566816463,7.212760290338491,0.7420757785439491,-0.6417952718316511,-0.7146163102841796,-50.081385706827206,11.677962875242931,0.048449177441069614,30,0.43333333333333335,proxy[random_mnar] n=200,dutch-sex
dutch,sex,proxy_soft,random_mnar,400.0,-24.01333121008149,-38.44591797169265,-10.064485689086919,0.9989899089559913,-0.6572194405951026,-0.7201703230584089,-83.55517336691143,16.651875356592893,0.048449177441069614,30,0.5333333333333333,proxy[random_mnar] n=400,dutch-sex
dutch,sex,proxy_soft,strat_y,25.0,-7.09718021189043,-13.819882963483545,-0.91045230130718,0.9807907911017537,-0.4494698212523751,-0.3730445246690731,-10.363010964036734,2.276242076683943,0.048449177441069614,30,0.2,proxy[strat_y] n=25,dutch-sex
dutch,sex,proxy_soft,strat_y,50.0,-6.734216612806709,-17.165576997398606,4.329146158138441,0.8253943100571632,-0.6441136379704597,-0.7692307692307695,-42.57363103098801,8.671491092598227,0.048449177441069614,30,0.36666666666666664,proxy[strat_y] n=50,dutch-sex
dutch,sex,proxy_soft,strat_y,100.0,-13.030404804624073,-23.18813498296806,-3.3183813753841362,0.9889505729079247,-0.5427388401511571,-0.6609275201332965,-48.463806394152556,9.564660782251677,0.048449177441069614,30,0.43333333333333335,proxy[strat_y] n=100,dutch-sex
dutch,sex,proxy_soft,strat_y,200.0,-21.93026386824033,-38.04074316968516,-5.954802310783511,0.9953494388610125,-0.6510342108186881,-0.6701842080903464,-73.51924080955752,13.94428422229026,0.048449177441069614,30,0.5666666666666667,proxy[strat_y] n=200,dutch-sex
dutch,sex,proxy_soft,strat_y,400.0,-33.47876438484503,-47.642176811017094,-19.254785909176423,0.9999804794788361,-0.7003985590367634,-0.8321762473387029,-94.8634869936428,18.678093711532195,0.048449177441069614,30,0.6,proxy[strat_y] n=400,dutch-sex
dutch,sex,related_feats,random,25.0,-2.226291251660384,-8.609377704771344,3.366924680238136,0.7492762642564631,-0.4158908719963021,-0.3573081551420906,-0.3289211019317895,0.6914801893963318,0.048449177441069614,30,0.16666666666666666,related_feats n=25,dutch-sex
dutch,sex,related_feats,random,50.0,-5.163316812018914,-11.596447300034372,0.9453493207694426,0.9436106726821506,-0.37141627178692294,-0.29066000185133833,-8.02647338840956,1.9015798548597584,0.048449177441069614,30,0.13333333333333333,related_feats n=50,dutch-sex
dutch,sex,related_feats,random,100.0,-1.5772308477454589,-9.546733869768177,5.9007970707340345,0.6805467613778964,-0.470161458046695,-0.3832268814218276,-1.8030773010656587,1.17120080458184,0.048449177441069614,30,0.13333333333333333,related_feats n=100,dutch-sex
dutch,sex,related_feats,random,200.0,-2.4105735144562823,-12.186027558847682,6.34933898761994,0.7069098063462382,-0.3981426687171789,-0.37582153105618704,-7.337305365314295,2.3240162569823197,0.048449177441069614,30,0.13333333333333333,related_feats n=200,dutch-sex
dutch,sex,related_feats,random,400.0,1.0050582250683782,-7.660496961558226,8.083374349628244,0.28503044178149073,-0.33572456388023864,-0.2786263075071745,-11.285894167869493,3.562534012501517,0.048449177441069614,30,0.13333333333333333,related_feats n=400,dutch-sex
german,age,arl,-,0.0,-2.3890308663020443,-13.163791609327763,8.991937296394532,0.6616816903987642,-1.0814814814814797,-0.9777777777777771,6.016661524220912,8.128298493170316,0.17490530488242154,30,0.43333333333333335,arl,german-age
german,age,cluster_rw,-,0.0,9.820877989326139,0.9415826986269615,17.37340266382862,0.007620263407466881,-0.8238095238095221,-0.8222222222222209,7.291988069525845,5.20885528824484,0.17490530488242154,30,0.23333333333333334,cluster_rw,german-age
german,age,cvar,-,0.0,0.20299351817210098,-9.047503435545625,8.80840902002907,0.6179172601909425,-0.16966490299823778,-0.33333333333333287,4.319654427645769,7.771088502032009,0.17490530488242154,30,0.3333333333333333,cvar,german-age
german,age,jtt,-,0.0,3.2861030137407377,-6.86122044115941,12.854811987307277,0.1728769893386391,-1.3227513227513221,-1.5777777777777766,10.953409441530404,17.38850471737733,0.17490530488242154,30,0.3,jtt,german-age
german,age,oracle,-,0.0,1.9453620958648665,-10.850013856515954,12.988166764082038,0.17524781565923653,-0.5737213403880052,-0.3111111111111105,18.368816208988992,27.580130851299067,0.17490530488242154,30,0.3,oracle,german-age
german,age,proxy_confident,random,25.0,-1.825644940981297,-6.436758378343487,2.514654497089679,0.8272762347653871,0.021516754850087194,0.06666666666666674,2.8386300524529395,-0.25019554561656054,0.17490530488242154,30,0.13333333333333333,proxy_confident n=25,german-age
german,age,proxy_confident,random,50.0,9.33892374756814,2.2919894610301643,16.796050732573,0.022116845506838928,-0.31040564373897644,-0.3555555555555541,8.618739072302784,9.73797173058869,0.17490530488242154,30,0.13333333333333333,proxy_confident n=50,german-age
german,age,proxy_confident,random,100.0,0.02245574369872383,-7.221832788512646,6.037445881093525,0.364913479156177,-0.16137566137566006,-0.20000000000000018,1.481024375192852,7.759032950507672,0.17490530488242154,30,0.13333333333333333,proxy_confident n=100,german-age
german,age,proxy_soft,random,25.0,9.7791236538891,-1.0400615181638864,19.92871014921183,0.03569989844018796,-0.5273368606701915,-0.24444444444444452,9.729507353697409,12.086176053332398,0.17490530488242154,30,0.23333333333333334,proxy[random] n=25,german-age
german,age,proxy_soft,random,50.0,3.0447931811502404,-5.679251559574352,10.556548174892301,0.18368190571546927,-0.5188712522045861,-0.2444444444444438,5.378998251568435,8.474938450981606,0.17490530488242154,30,0.3,proxy[random] n=50,german-age
german,age,proxy_soft,random,100.0,7.552425915929739,-3.954753658892675,16.374826417797113,0.028918108284268294,-0.2708994708994694,-0.37777777777777727,15.777023552401515,17.222698032431182,0.17490530488242154,30,0.2,proxy[random] n=100,german-age
german,age,proxy_soft,random_mnar,25.0,8.18095180696451,0.6323472444698156,15.969088881031128,0.035656861330407054,-0.21675485008818143,-0.15555555555555545,5.70811477938904,3.873488699491645,0.17490530488242154,30,0.23333333333333334,proxy[random_mnar] n=25,german-age
german,age,proxy_soft,random_mnar,50.0,-0.8377575897381639,-14.41064401892584,11.423839890275246,0.42003582222013874,-0.4708994708994715,-0.33333333333333215,8.65987863828035,9.689749524491342,0.17490530488242154,30,0.36666666666666664,proxy[random_mnar] n=50,german-age
german,age,proxy_soft,random_mnar,100.0,8.153397108634152,-6.576299276659002,19.807192864295757,0.03482737734588569,-0.470546737213402,0.022222222222223476,18.06026946415714,18.473675760513906,0.17490530488242154,30,0.26666666666666666,proxy[random_mnar] n=100,german-age
german,age,proxy_soft,strat_y,25.0,8.608593978944368,-0.1629110526377858,17.890696681174074,0.08498276174840347,-0.3673721340388014,-0.4444444444444447,14.542836573074148,13.64762708465339,0.17490530488242154,30,0.3333333333333333,proxy[strat_y] n=25,german-age
german,age,proxy_soft,strat_y,50.0,3.202182882821114,-9.571921576719118,14.368365015521338,0.19832869511433515,-0.18095238095237867,0.022222222222223104,13.483492749151482,11.442603862004496,0.17490530488242154,30,0.26666666666666666,proxy[strat_y] n=50,german-age
german,age,proxy_soft,strat_y,100.0,-1.6637429597677,-13.386124021532945,8.65318480658534,0.4949331555562097,-0.36155202821869387,-0.1555555555555547,16.085570297233364,14.60018706102224,0.17490530488242154,30,0.4,proxy[strat_y] n=100,german-age
german,age,related_feats,random,25.0,7.939208858536595,-5.697681220086658,19.146733182771044,0.058443818904766506,-1.081128747795413,-0.7333333333333333,14.501697007096581,17.54522688719372,0.17490530488242154,30,0.23333333333333334,related_feats n=25,german-age
german,age,related_feats,random,50.0,11.111763336896608,0.8798517247887573,21.19006027874287,0.019303525921215037,-0.796825396825398,-0.7555555555555552,15.797593335390314,16.889599144341528,0.17490530488242154,30,0.13333333333333333,related_feats n=50,german-age
german,age,related_feats,random,100.0,0.8302548422087996,-14.841853005453814,16.622598969238936,0.39214430102328046,-0.9029982363315687,-0.9555555555555549,16.93921629126812,18.20085463004597,0.17490530488242154,30,0.26666666666666666,related_feats n=100,german-age
law,race,arl,-,0.0,3.4853313168957234,2.415718988180746,4.415127333743957,1.2977714452334755e-05,-0.06642859221243302,0.03703703703703727,5.82473765546645,3.436026544852777,0.39140637387030275,30,0.03333333333333333,arl,law-race
law,race,cluster_rw,-,0.0,0.7680916758936562,-1.3163307805342095,2.7398213746586575,0.2023676610981358,-0.187680892152694,-0.011111111111110628,1.7194746481476786,1.0215214052264554,0.39140637387030275,30,0.36666666666666664,cluster_rw,law-race
law,race,cvar,-,0.0,1.1790308496943624,0.0709467394234767,2.3060534177160266,0.054962795983030374,-0.01298111316191323,-0.012962962962963879,2.642414979517993,1.5554985034130664,0.39140637387030275,30,0.06666666666666667,cvar,law-race
law,race,jtt,-,0.0,17.808114360816273,14.882000467719328,20.869493411741967,8.666533220995528e-07,-0.6620577423610822,-0.29444444444444495,19.57708581447323,14.556680024477798,0.39140637387030275,30,0.0,jtt,law-race
law,race,oracle,-,0.0,31.69720127855363,26.49946640460956,37.828888444811,9.313225746154785e-10,-0.6242258713690189,-0.23148148148148176,34.16784932237763,24.63259570330296,0.39140637387030275,30,0.0,oracle,law-race
law,race,proxy_confident,random,25.0,2.7500967709992885,0.03653404553770084,6.463085616923698,0.04644597044185266,-0.20232658666715048,-0.0703703703703699,2.9991269354480377,2.3216395573329773,0.39140637387030275,30,0.06666666666666667,proxy_confident n=25,law-race
law,race,proxy_confident,random,50.0,2.197151781936657,-1.0786727961903502,6.306485240523679,0.2326044092260709,-0.09057943945812719,-0.029629629629629818,2.2434564264814494,1.6947968768530552,0.39140637387030275,30,0.03333333333333333,proxy_confident n=50,law-race
law,race,proxy_confident,random,100.0,7.305760349995949,2.092411634492735,14.12754647251218,0.021557223391537678,-0.19168637295063168,-0.10740740740740753,6.388899794027969,5.177256212852521,0.39140637387030275,30,0.0,proxy_confident n=100,law-race
law,race,proxy_confident,random,200.0,6.037835210240616,0.0,12.97243134953937,0.05440471502027284,-0.13353612390566946,-0.07592592592592595,4.90249666580892,4.062869225332699,0.39140637387030275,30,0.0,proxy_confident n=200,law-race
law,race,proxy_confident,random,400.0,0.0,0.0,0.0,1.0,0.0,0.0,0.0,0.0,0.39140637387030275,30,0.0,proxy_confident n=400,law-race
law,race,proxy_soft,random,25.0,17.682987208224166,12.101615691709906,24.102373083230553,1.5741436023918652e-05,-0.663711838161802,-0.2962962962962964,18.056399048195924,13.836971761704564,0.39140637387030275,30,0.13333333333333333,proxy[random] n=25,law-race
law,race,proxy_soft,random,50.0,22.306608937572193,16.17437076364152,29.329677463421614,1.2759119272232056e-07,-0.7222552954002797,-0.32407407407407474,21.769633343087026,16.855103186237454,0.39140637387030275,30,0.1,proxy[random] n=50,law-race
law,race,proxy_soft,random,100.0,29.85115270013593,24.73722406297189,34.94153516040213,1.2798166053566659e-06,-0.753095924711642,-0.3185185185185191,30.760767756405293,22.86814963972987,0.39140637387030275,30,0.0,proxy[random] n=100,law-race
law,race,proxy_soft,random,200.0,28.49433327031966,23.862043149305666,33.47442193232669,9.313225746154785e-10,-0.6074149104022726,-0.26851851851851866,32.212187904853295,23.007448013169885,0.39140637387030275,30,0.0,proxy[random] n=200,law-race
law,race,proxy_soft,random,400.0,30.889302978746368,26.21764881707705,36.23279848240027,9.313225746154785e-10,-0.6620131787658157,-0.24629629629629593,34.16958178252985,24.44686453871634,0.39140637387030275,30,0.0,proxy[random] n=400,law-race
law,race,proxy_soft,random_mnar,25.0,15.46918181245328,9.682380908315558,21.533055902974773,2.3241733186300396e-05,-0.5928426147506032,-0.21666666666666648,14.922553468250122,11.561764995518232,0.39140637387030275,30,0.13333333333333333,proxy[random_mnar] n=25,law-race
law,race,proxy_soft,random_mnar,50.0,20.22041282958402,14.87812610841822,25.92305581789795,6.140189103320437e-06,-0.700652437248559,-0.2944444444444453,18.558907857120044,14.719194793491075,0.39140637387030275,30,0.06666666666666667,proxy[random_mnar] n=50,law-race
law,race,proxy_soft,random_mnar,100.0,24.044667692889355,18.73170438972408,30.222590219862294,4.669298085524511e-06,-0.6536509511837296,-0.28148148148148217,23.807372047089224,18.062355756050597,0.39140637387030275,30,0.03333333333333333,proxy[random_mnar] n=100,law-race
law,race,proxy_soft,random_mnar,200.0,24.71881897420799,18.650185233353486,31.243442860486404,3.5140305918353865e-06,-0.6472495217933024,-0.3018518518518524,24.694296280249095,18.71241483210384,0.39140637387030275,30,0.03333333333333333,proxy[random_mnar] n=200,law-race
law,race,proxy_soft,random_mnar,400.0,31.816954279078548,26.273533076792642,37.45567535773092,1.8948097207904354e-06,-0.7699540706616115,-0.30925925925926023,32.764222822349254,24.261133374129685,0.39140637387030275,30,0.0,proxy[random_mnar] n=400,law-race
law,race,proxy_soft,strat_y,25.0,18.95271273866429,14.019062840806958,23.655518988879017,1.7574815406371137e-06,-0.6647184511371981,-0.2537037037037045,19.02505089697727,14.463814442184486,0.39140637387030275,30,0.0,proxy[strat_y] n=25,law-race
law,race,proxy_soft,strat_y,50.0,19.418788877186344,13.793351132181225,24.974209275838138,6.852815485343146e-06,-0.5570082413816005,-0.19259259259259384,21.20062349492523,15.369253869544341,0.39140637387030275,30,0.06666666666666667,proxy[strat_y] n=50,law-race
law,race,proxy_soft,strat_y,100.0,30.156994067712684,25.8245548651829,35.437839569687505,9.313225746154785e-10,-0.6706690017990621,-0.23333333333333317,31.476257905144145,22.984231617596528,0.39140637387030275,30,0.0,proxy[strat_y] n=100,law-race
law,race,proxy_soft,strat_y,200.0,30.422776742553125,25.763718955366095,35.24877571841889,9.313225746154785e-10,-0.7122101367499482,-0.32592592592592584,34.3507112861514,24.67902849444963,0.39140637387030275,30,0.0,proxy[strat_y] n=200,law-race
law,race,proxy_soft,strat_y,400.0,32.6037250083268,27.651479832669033,37.90648430174195,8.666533220995528e-07,-0.7099793355987386,-0.28703703703703753,35.179796780834764,25.491602339516184,0.39140637387030275,30,0.0,proxy[strat_y] n=400,law-race
law,race,related_feats,random,25.0,3.4466229171730256,1.2587927453016192,6.153867221109241,0.004387316530050586,-0.35096714797971124,-0.08518518518518481,4.7317619231007075,3.3431609625594882,0.39140637387030275,30,0.06666666666666667,related_feats n=25,law-race
law,race,related_feats,random,50.0,3.196368611988787,0.48579868490853195,6.17195614640855,0.02520500953120435,-0.2862581862669174,-0.08888888888888946,3.930379896723135,2.925265842239533,0.39140637387030275,30,0.03333333333333333,related_feats n=50,law-race
law,race,related_feats,random,100.0,3.0183549830313017,0.39716507011350877,6.463151031780345,0.033944577430914495,-0.16258634524256096,-0.06111111111111105,3.729859554700521,2.693101886506233,0.39140637387030275,30,0.0,related_feats n=100,law-race
law,race,related_feats,random,200.0,2.500517612321873,0.6120375534986988,5.057281615546189,0.021557223391537678,-0.15247827328126645,-0.0462962962962965,3.2699470137393605,2.298423161759622,0.39140637387030275,30,0.0,related_feats n=200,law-race
law,race,related_feats,random,400.0,2.7140889573037397,0.7711590698083102,5.0751980270959285,0.013853924679039932,-0.1954952496518151,-0.08148148148148164,3.0386079539629685,2.3680723484796107,0.39140637387030275,30,0.0,related_feats n=400,law-race
oulad,disability,arl,-,0.0,0.030640498236500502,-4.036417062849798,4.198277775419175,0.4909163014680347,-0.28872992277326537,-0.1175925925925932,-1.5720644262290362,1.5869759912097159,0.11080078266859326,30,0.2,arl,oulad-disability
oulad,disability,cluster_rw,-,0.0,-3.5989441191721427,-10.478646771727783,3.4184233537349225,0.7797452473460207,-0.37517719541637223,-0.03888888888888831,1.2355470375904787,-2.3491192262692806,0.11080078266859326,30,0.3333333333333333,cluster_rw,oulad-disability
oulad,disability,cvar,-,0.0,-0.4043043953825931,-2.94777980124821,2.1798903327556927,0.5809091534014561,-0.00037552910634267944,-0.004629629629630353,-1.2954934698702791,-1.3349233473393118,0.11080078266859326,30,0.06666666666666667,cvar,oulad-disability
oulad,disability,jtt,-,0.0,-12.173840868808195,-19.063135997672315,-5.920931550015975,0.9991096215025426,-0.689008522857442,-0.4250000000000002,-6.621690387409873,-7.722864245357797,0.11080078266859326,30,0.6333333333333333,jtt,oulad-disability
oulad,disability,oracle,-,0.0,31.605127532013142,23.61792376879731,39.526451566722706,1.4244516560381606e-06,-0.6588953398018808,-0.34629629629629677,35.39239141939855,34.12444841954042,0.11080078266859326,30,0.0,oracle,oulad-disability
oulad,disability,proxy_confident,random,25.0,1.4200988130003367,-0.6013760903936727,3.8146039490774504,0.1313091452212603,-0.08305097795809568,-0.05185185185185144,0.7945771519954459,1.7662231167564046,0.11080078266859326,30,0.03333333333333333,proxy_confident n=25,oulad-disability
oulad,disability,proxy_confident,random,50.0,-0.06341093339869985,-3.216250904257774,3.1718940958186015,0.47638251099537643,-0.09553200665276984,-0.03148148148148159,-0.7099120529166614,-0.4614332073122007,0.11080078266859326,30,0.1,proxy_confident n=50,oulad-disability
oulad,disability,proxy_confident,random,100.0,3.284286002538739,-0.7880150329700817,8.340714948849847,0.23845327748379197,-0.26418354540099664,-0.1842592592592592,1.2869161639651794,2.193694847861505,0.11080078266859326,30,0.03333333333333333,proxy_confident n=100,oulad-disability
oulad,disability,proxy_confident,random,200.0,1.260895284762853,-1.429068492009015,4.654253450559151,0.2877015114563768,-0.14898585884923765,-0.12037037037037031,1.3432502566133375,0.9892769428924919,0.11080078266859326,30,0.03333333333333333,proxy_confident n=200,oulad-disability
oulad,disability,proxy_confident,random,400.0,0.0,0.0,0.0,1.0,-1.6532727952212056e-05,0.0,0.0,0.0,0.11080078266859326,30,0.0,proxy_confident n=400,oulad-disability
oulad,disability,proxy_soft,random,25.0,1.782284786584687,-3.4668654138056714,6.9303368235986085,0.3350902944803238,-0.3369795083922515,-0.1425925925925912,-2.0864488074678222,1.6376331570982727,0.11080078266859326,30,0.2,proxy[random] n=25,oulad-disability
oulad,disability,proxy_soft,random,50.0,-5.400155935656792,-9.534891608612046,-1.2690800904558803,0.9882949283346534,-0.3190308703819955,-0.09999999999999971,-1.1134494276269669,-2.67622188001142,0.11080078266859326,30,0.36666666666666664,proxy[random] n=50,oulad-disability
oulad,disability,proxy_soft,random,100.0,2.1480048632184445,-4.2024463416065645,8.394857337661918,0.36715926602170146,-0.5491003125630319,-0.2444444444444449,-2.2321427721589737,0.0699110259764324,0.11080078266859326,30,0.16666666666666666,proxy[random] n=100,oulad-disability
oulad,disability,proxy_soft,random,200.0,0.6900666712756132,-5.518480607284665,6.586345059703421,0.5080832093954086,-0.38194852842188454,-0.17037037037037037,5.69853085304598,3.7139561870982774,0.11080078266859326,30,0.23333333333333334,proxy[random] n=200,oulad-disability
oulad,disability,proxy_soft,random,400.0,10.235675052903282,5.296739405801403,14.936351563966557,0.0001724790781736374,-0.6134870215723772,-0.34351851851851783,13.934476948906816,12.228225126910209,0.11080078266859326,30,0.1,proxy[random] n=400,oulad-disability
oulad,disability,proxy_soft,random_mnar,25.0,-1.961000157158277,-7.553065834026304,4.670069746830906,0.7860600960408755,-0.2799333305936251,-0.10555555555555429,-1.6327135440668883,-0.13496807210331419,0.11080078266859326,30,0.36666666666666664,proxy[random_mnar] n=25,oulad-disability
oulad,disability,proxy_soft,random_mnar,50.0,-0.4969050379324713,-5.788213352884739,4.880044317951662,0.6633606318421512,-0.37372940081142597,-0.19537037037037058,0.35805054893274235,1.2333078189697644,0.11080078266859326,30,0.26666666666666666,proxy[random_mnar] n=50,oulad-disability
oulad,disability,proxy_soft,random_mnar,100.0,0.5601253695786124,-7.026594655133939,8.377941214594236,0.6148235106762501,-0.43996777535140347,-0.1999999999999998,3.289411788168417,2.835617236382615,0.11080078266859326,30,0.3333333333333333,proxy[random_mnar] n=100,oulad-disability
oulad,disability,proxy_soft,random_mnar,200.0,2.2128108364797394,-2.8670612806210456,6.736598759000374,0.20562221934354102,-0.4801836360948179,-0.27314814814814864,2.5511863742998186,5.046961124613015,0.11080078266859326,30,0.23333333333333334,proxy[random_mnar] n=200,oulad-disability
oulad,disability,proxy_soft,random_mnar,400.0,-0.050816171534906474,-7.120357199473623,6.778371616536633,0.380532736890018,-0.48013639972924294,-0.16574074074074074,4.569661603098596,3.7636424396250923,0.11080078266859326,30,0.3,proxy[random_mnar] n=400,oulad-disability
oulad,disability,proxy_soft,strat_y,25.0,-2.7330974541321496,-10.231179098801194,4.194247723659563,0.5981907391795372,-0.3902125305796426,-0.20648148148148085,0.7113347295565786,-1.2114306088350402,0.11080078266859326,30,0.26666666666666666,proxy[strat_y] n=25,oulad-disability
oulad,disability,proxy_soft,strat_y,50.0,1.6511949172730356,-3.938639749901867,7.1825410595006876,0.2849287986755371,-0.44919067573038024,-0.2611111111111127,2.451329493956056,0.954625162024969,0.11080078266859326,30,0.23333333333333334,proxy[strat_y] n=50,oulad-disability
oulad,disability,proxy_soft,strat_y,100.0,-4.646635106656971,-9.811043227677596,0.5503624096761798,0.9392438214457537,-0.4169211525862167,-0.16296296296296253,-2.679975476014307,0.6407030646940592,0.11080078266859326,30,0.3,proxy[strat_y] n=100,oulad-disability
oulad,disability,proxy_soft,strat_y,200.0,2.146598282624912,-4.311070568705308,8.087678853033147,0.22331399605047458,-0.42480372109193426,-0.21944444444444472,4.583484320852104,4.8272988924517035,0.11080078266859326,30,0.26666666666666666,proxy[strat_y] n=200,oulad-disability
oulad,disability,proxy_soft,strat_y,400.0,6.851049307364965,-0.6444450878226171,14.269612120543501,0.05128165955679992,-0.5659483432553336,-0.3675925925925927,6.7519721106659265,8.715328780916732,0.11080078266859326,30,0.26666666666666666,proxy[strat_y] n=400,oulad-disability
oulad,disability,related_feats,random,25.0,-1.3676048376112249,-5.0913394036525625,2.462485806118988,0.7325373934307802,-0.4186299281109751,-0.24351851851851808,-1.836904963476127,-0.7846521095028258,0.11080078266859326,30,0.16666666666666666,related_feats n=25,oulad-disability
oulad,disability,related_feats,random,50.0,-0.4026704829958483,-7.97713029311134,6.106768646073436,0.4411761134957885,-0.822544547435468,-0.4148148148148149,0.6628491472232434,2.721798702356537,0.11080078266859326,30,0.26666666666666666,related_feats n=50,oulad-disability
oulad,disability,related_feats,random,100.0,-0.05446733730707365,-7.789775830969777,6.588197317659469,0.4519538162583623,-0.5158482730148565,-0.23888888888888887,1.5415829148843763,1.5417794955955189,0.11080078266859326,30,0.23333333333333334,related_feats n=100,oulad-disability
oulad,disability,related_feats,random,200.0,-3.7581946556760393,-11.925027426441899,3.526606451498204,0.6554217416103242,-0.6849733563279977,-0.3268518518518508,-0.022475103272312502,-2.547368874326139,0.11080078266859326,30,0.26666666666666666,related_feats n=200,oulad-disability
oulad,disability,related_feats,random,400.0,3.7742079959418473,-0.6533102134543206,8.009138184766766,0.05833223239051172,-0.4281386085016969,-0.21018518518518473,3.0184336474651574,2.750660030297458,0.11080078266859326,30,0.03333333333333333,related_feats n=400,oulad-disability
