dataset,attr,method,strategy,nlab,eo_red,ci_lo,ci_hi,p,dauc,dacc,tpr_red,dp_red,eo0,n_seeds,harm_rate,arm,t,p_holm
acs_CA_2018_ACSIncome,race,arl,-,0.0,-15.833674829022693,-23.686412136857953,-9.072444598578343,0.9999804794788361,-0.24624219413265205,0.10925925925925932,-18.046902353965756,-4.517137633215107,0.05604463744372599,30,0.5,arl,acs_CA_2018_ACSIncome-race,1.0
acs_CA_2018_ACSIncome,race,cluster_rw,-,0.0,17.99499342799993,12.296027427742603,23.11908391283873,1.1743977665901184e-06,-0.5472779741157049,-0.3703703703703702,27.171411128091027,9.929268596988095,0.05604463744372599,30,0.03333333333333333,cluster_rw,acs_CA_2018_ACSIncome-race,5.871988832950592e-06
acs_CA_2018_ACSIncome,race,cvar,-,0.0,-1.0903308811499812,-4.6590484698006,2.579472312279109,0.6393728004203618,-0.11780806951000515,-0.07592592592592559,-0.818193653911492,-0.8096647356302444,0.05604463744372599,30,0.1,cvar,acs_CA_2018_ACSIncome-race,1.0
acs_CA_2018_ACSIncome,race,jtt,-,0.0,-28.717393062108453,-37.07749934131412,-21.603534688778648,0.9999999990686774,-0.5474969146391292,-0.16111111111111112,-31.96466333726442,-6.6050908650188145,0.05604463744372599,30,0.6666666666666666,jtt,acs_CA_2018_ACSIncome-race,1.0
acs_CA_2018_ACSIncome,race,oracle,-,0.0,55.66794031005365,48.58633359290907,63.05061113236808,9.313225746154785e-10,-0.19825808368799844,-0.20925925925925903,62.81130985561223,40.484068882540036,0.05604463744372599,30,0.0,oracle,acs_CA_2018_ACSIncome-race,4.6566128730773926e-09
acs_CA_2018_ACSIncome,race,proxy_soft,random,100.0,10.782786212268425,-1.7533926063759055,22.983849109989624,0.035947906246605835,-0.4073175874709948,-0.2981481481481478,10.916369308321139,8.907310613166054,0.05604463744372599,30,0.16666666666666666,proxy[random] n=100,acs_CA_2018_ACSIncome-race,0.14379162498642334
acs_CA_2018_ACSIncome,race,proxy_soft,random,400.0,36.35471198122785,29.469056784392887,43.73081322646182,1.30385160446167e-08,-0.36453278304865,-0.3055555555555556,42.34724123503894,24.802151381623727,0.05604463744372599,30,0.0,proxy[random] n=400,acs_CA_2018_ACSIncome-race,5.21540641784668e-08
acs_FL_2018_ACSIncome,race,arl,-,0.0,-7.090467039205239,-12.399701471154208,-2.4743253946491226,0.9968879323969717,-0.24068990358636672,-0.09074074074074086,-6.895962968584057,-1.6677964829646896,0.10762000341683835,30,0.4,arl,acs_FL_2018_ACSIncome-race,1.0
acs_FL_2018_ACSIncome,race,cluster_rw,-,0.0,11.912590117313304,6.775914160639997,16.64662110319067,3.1433068215847015e-05,-0.5058358125394039,-0.3685185185185173,12.53092275003791,6.921355404303375,0.10762000341683835,30,0.06666666666666667,cluster_rw,acs_FL_2018_ACSIncome-race,9.429920464754105e-05
acs_FL_2018_ACSIncome,race,cvar,-,0.0,2.084220213927712,-1.5554371262002569,5.838488174920858,0.09060346487080895,-0.05940227656297092,-0.04537037037036932,2.564691151919829,0.8005075660629801,0.10762000341683835,30,0.13333333333333333,cvar,acs_FL_2018_ACSIncome-race,0.45301732435404474
acs_FL_2018_ACSIncome,race,jtt,-,0.0,13.171282593491185,6.180358994133791,20.531319913432355,0.0010100910440087318,-0.6555818324893662,-0.47500000000000026,17.584990135073596,5.220168245919377,0.10762000341683835,30,0.16666666666666666,jtt,acs_FL_2018_ACSIncome-race,0.004040364176034927
acs_FL_2018_ACSIncome,race,oracle,-,0.0,58.30830004140148,49.96679065078749,66.64892789080537,1.862645149230957e-09,-0.5965974485565495,-0.5768518518518521,60.21816664137199,39.20152158632464,0.10762000341683835,30,0.03333333333333333,oracle,acs_FL_2018_ACSIncome-race,7.450580596923828e-09
acs_FL_2018_ACSIncome,race,proxy_soft,random,100.0,23.38210486754444,14.036440945529648,31.49425294265583,6.166845560073853e-05,-0.5208718215347782,-0.34259259259259245,24.817878281985116,15.21864290705266,0.10762000341683835,30,0.16666666666666666,proxy[random] n=100,acs_FL_2018_ACSIncome-race,0.0003083422780036926
acs_FL_2018_ACSIncome,race,proxy_soft,random,400.0,39.151861194186154,31.67454188722261,46.513814942120206,9.313225746154785e-10,-0.5579922952207144,-0.4944444444444426,39.28137805433297,25.975930222174814,0.10762000341683835,30,0.0,proxy[random] n=400,acs_FL_2018_ACSIncome-race,4.6566128730773926e-09
acs_NY_2018_ACSIncome,sex,arl,-,0.0,-20.519546977837134,-43.02495373836148,-1.7019054401104035,0.9751449394971132,-0.33937100128607217,-0.3185185185185187,-3.105812365567062,-19.338344550301567,0.02236894576826255,30,0.3,arl,acs_NY_2018_ACSIncome-sex,1.0
acs_NY_2018_ACSIncome,sex,cluster_rw,-,0.0,-17.78808867380979,-41.468146428398406,2.899320560238859,0.9379327688366175,-0.4637345210518332,-0.4972222222222226,-26.7739929043759,4.490574833202244,0.02236894576826255,30,0.3,cluster_rw,acs_NY_2018_ACSIncome-sex,0.9379327688366175
acs_NY_2018_ACSIncome,sex,cvar,-,0.0,-8.4790691963893,-18.5347944534696,0.5996155276915919,0.9571968646634389,-0.08123762285486946,-0.1500000000000005,-14.449428909977314,5.768726509920463,0.02236894576826255,30,0.1,cvar,acs_NY_2018_ACSIncome-sex,1.0
acs_NY_2018_ACSIncome,sex,jtt,-,0.0,-10.356688209744359,-32.185239226539025,7.800474523086792,0.8209485654857371,-0.6031024070245831,-0.6129629629629637,-13.066789907673515,0.06555371034000501,0.02236894576826255,30,0.23333333333333334,jtt,acs_NY_2018_ACSIncome-sex,1.0
acs_NY_2018_ACSIncome,sex,oracle,-,0.0,-18.679446190087347,-30.978899383238453,-6.526685119505144,0.9989695269353859,-0.02571828899786688,-0.0370370370370369,-23.638296911214375,-0.06555371034002722,0.02236894576826255,30,0.16666666666666666,oracle,acs_NY_2018_ACSIncome-sex,0.9989695269353859
acs_NY_2018_ACSIncome,sex,proxy_soft,random,100.0,-58.2180097175103,-88.67010296676956,-30.005666689417254,0.999524112790823,-0.3089966963903575,-0.3370370370370379,-69.80850154456671,27.687556449028396,0.02236894576826255,30,0.5,proxy[random] n=100,acs_NY_2018_ACSIncome-sex,0.999524112790823
acs_NY_2018_ACSIncome,sex,proxy_soft,random,400.0,-94.4301025319265,-134.90082945296814,-58.599199503172215,0.9999827342107892,-0.1613605145480342,-0.23333333333333392,-127.18854136623818,44.320426536142,0.02236894576826255,30,0.6333333333333333,proxy[random] n=400,acs_NY_2018_ACSIncome-sex,1.0
acs_PA_2018_ACSEmployment,sex,arl,-,0.0,-3.84613274481862,-8.75404026764642,0.8842431164068745,0.925041092705741,-0.2778744543339458,0.028703703703703377,3.7814089092622627,3.330958100119219,0.05460034911222808,30,0.1,arl,acs_PA_2018_ACSEmployment-sex,1.0
acs_PA_2018_ACSEmployment,sex,cluster_rw,-,0.0,4.282674441217527,-1.4186652414588867,9.833625184289248,0.05241995211690664,-0.47136783082533107,-0.5453703703703705,-0.21840361786136242,-3.407262327858729,0.05460034911222808,30,0.1,cluster_rw,acs_PA_2018_ACSEmployment-sex,0.10483990423381329
acs_PA_2018_ACSEmployment,sex,cvar,-,0.0,0.9421552465406768,-1.882869752076215,3.94806682177512,0.3403898388815382,-0.13455470806190398,-0.31759259259259376,8.128495968630434,-2.501268267680601,0.05460034911222808,30,0.0,cvar,acs_PA_2018_ACSEmployment-sex,1.0
acs_PA_2018_ACSEmployment,sex,jtt,-,0.0,14.915857587326842,9.255158667704649,20.447622267031928,5.304813385009766e-06,-0.37992248912365784,-1.0046296296296298,3.532919513424748,-10.35458023984297,0.05460034911222808,30,0.0,jtt,acs_PA_2018_ACSEmployment-sex,2.6524066925048828e-05
acs_PA_2018_ACSEmployment,sex,oracle,-,0.0,30.900584828508293,22.471210764485193,38.874476592081635,1.6195699572563171e-06,-0.46548492675746683,-0.8870370370370381,-136.70222227734357,-298.1780567331229,0.05460034911222808,30,0.03333333333333333,oracle,acs_PA_2018_ACSEmployment-sex,3.5231932997703552e-06
acs_PA_2018_ACSEmployment,sex,proxy_soft,random,100.0,1.3678625662718158,-7.86453810930088,10.626619859055248,0.3606271995796382,-0.42342165076768656,-0.36296296296296343,-22.710314458346925,-32.56334170251351,0.05460034911222808,30,0.2,proxy[random] n=100,acs_PA_2018_ACSEmployment-sex,0.7737726643681526
acs_PA_2018_ACSEmployment,sex,proxy_soft,random,400.0,-0.6015785543994179,-7.40616437094345,6.43023513943137,0.5327896553364128,-0.123226403998035,-0.10555555555555689,-41.330338592317894,-80.19132352001546,0.05460034911222808,30,0.2,proxy[random] n=400,acs_PA_2018_ACSEmployment-sex,1.0
acs_TX_2018_ACSIncome,race,arl,-,0.0,-2.0436215753381504,-8.381239177451977,4.51858958431591,0.7614467591047287,-0.30470572758430126,-0.09071554197907875,-1.9445046883970418,1.631741926085506,0.05689685896781564,30,0.1,arl,acs_TX_2018_ACSIncome-race,1.0
acs_TX_2018_ACSIncome,race,cluster_rw,-,0.0,24.016858538443287,14.167996550460233,34.27218782503493,3.997236490249634e-06,-0.5382195751825166,-0.1203369434416357,37.660011481788636,11.905672571809012,0.05689685896781564,30,0.0,cluster_rw,acs_TX_2018_ACSIncome-race,1.5988945960998535e-05
acs_TX_2018_ACSIncome,race,cvar,-,0.0,-4.488763448113242,-9.360159972317323,-0.07669024537000269,0.9240565402433276,-0.09754691829072959,-0.047209108580950065,-6.116731517509755,-0.37600199648264443,0.05689685896781564,30,0.13333333333333333,cvar,acs_TX_2018_ACSIncome-race,1.0
acs_TX_2018_ACSIncome,race,jtt,-,0.0,-9.362655579588196,-21.47274978158759,0.4182105628410941,0.9264855561641969,-0.5460950285479634,-0.22030917337776548,-15.256745550806961,-0.6043488615131487,0.05689685896781564,30,0.3333333333333333,jtt,acs_TX_2018_ACSIncome-race,1.0
acs_TX_2018_ACSIncome,race,oracle,-,0.0,42.98343538761343,32.79390635193721,53.72177383179791,1.1743977665901184e-06,-0.1406544878881085,-0.02684439507544193,45.78631115647126,31.835792322168153,0.05689685896781564,30,0.06666666666666667,oracle,acs_TX_2018_ACSIncome-race,3.5231932997703552e-06
acs_TX_2018_ACSIncome,race,proxy_soft,random,100.0,2.0794528827427827,-12.602455576652407,16.195192788960046,0.2579242214560509,-0.31554390432145063,-0.13885031935573555,1.6398545640110007,3.988702485986806,0.05689685896781564,30,0.26666666666666666,proxy[random] n=100,acs_TX_2018_ACSIncome-race,0.7737726643681526
acs_TX_2018_ACSIncome,race,proxy_soft,random,400.0,26.086963531651307,14.846622936572487,38.18185763995387,0.00019004661589860916,-0.32383198707449695,-0.16199203924835648,24.46258850545385,22.045340765655162,0.05689685896781564,30,0.06666666666666667,proxy[random] n=400,acs_TX_2018_ACSIncome-race,0.0005701398476958275
