t,nlab,true_eo,err_naive,err_proxy
acs_CA_2018_ACSIncome-race,25.0,0.05604463744372599,0.1963619865167178,0.05169910088234979
acs_CA_2018_ACSIncome-race,50.0,0.05604463744372599,0.1337720169789576,0.04549758514732227
acs_CA_2018_ACSIncome-race,100.0,0.05604463744372599,0.09808112026237147,0.03185528838628868
acs_CA_2018_ACSIncome-race,200.0,0.05604463744372599,0.06570490176879067,0.030468293323424246
acs_CA_2018_ACSIncome-race,400.0,0.05604463744372599,0.03950329002548746,0.022356936191502717
acs_FL_2018_ACSIncome-race,25.0,0.10762000341683838,0.24111795770606148,0.06768587269303793
acs_FL_2018_ACSIncome-race,50.0,0.10762000341683838,0.23613962047482456,0.06923006801519624
acs_FL_2018_ACSIncome-race,100.0,0.10762000341683838,0.14126451457742323,0.0687778725513443
acs_FL_2018_ACSIncome-race,200.0,0.10762000341683838,0.09393614940008731,0.05381937296483633
acs_FL_2018_ACSIncome-race,400.0,0.10762000341683838,0.09654272419936039,0.04081084937857459
acs_NY_2018_ACSIncome-sex,25.0,0.02236894576826254,0.20328058678465383,0.06885238851534146
acs_NY_2018_ACSIncome-sex,50.0,0.02236894576826254,0.1756997446485042,0.04870408453920647
acs_NY_2018_ACSIncome-sex,100.0,0.02236894576826254,0.13350472994243887,0.03732886502456235
acs_NY_2018_ACSIncome-sex,200.0,0.02236894576826254,0.08671673692408799,0.02774443906800051
acs_NY_2018_ACSIncome-sex,400.0,0.02236894576826254,0.051641247837764366,0.021578382457883623
acs_PA_2018_ACSEmployment-sex,25.0,0.05460034911222807,0.18119869255120186,0.03629455105491819
acs_PA_2018_ACSEmployment-sex,50.0,0.05460034911222807,0.11753247392774578,0.020272936452162764
acs_PA_2018_ACSEmployment-sex,100.0,0.05460034911222807,0.08675929158943953,0.028306844632089156
acs_PA_2018_ACSEmployment-sex,200.0,0.05460034911222807,0.03912296375347553,0.02285092723575256
acs_PA_2018_ACSEmployment-sex,400.0,0.05460034911222807,0.030318954997471524,0.03072189098234881
acs_TX_2018_ACSIncome-race,25.0,0.05689685896781565,0.3854405821141781,0.06817704870973353
acs_TX_2018_ACSIncome-race,50.0,0.05689685896781565,0.21315927705696666,0.05104986142494251
acs_TX_2018_ACSIncome-race,100.0,0.05689685896781565,0.12499090226436198,0.036722774161132614
acs_TX_2018_ACSIncome-race,200.0,0.05689685896781565,0.09430257091167701,0.05125260082790668
acs_TX_2018_ACSIncome-race,400.0,0.05689685896781565,0.04863438082849643,0.03430451043802205
