t,red,red_g,harm,harm_g,applied,cos
adult-race,5.834117663062688,-5.827378609421441,0.3,0.2,0.5,0.4544397705015973
adult-sex,55.46403572710533,47.935364113933,0.0,0.0,0.9,0.8155303797585168
bank-age,4.040972471514093,3.159999645124534,0.3,0.2,0.7,0.2857269979861962
bank-marital,11.095661041815696,-0.1477851664519303,0.2,0.1,0.5,0.19124303882097995
compas-race,11.311814879950688,11.311814879950688,0.0,0.0,1.0,0.9820403142431632
compas-sex,12.156141152736033,11.109965238184182,0.16666666666666666,0.16666666666666666,0.9666666666666667,0.8751387187610792
credit-age,35.60047783701319,35.60047783701319,0.0,0.0,1.0,0.7565001932586694
credit-sex,14.32355145968386,8.20279173638756,0.1,0.0,0.6,0.3643828603602778
diabetes-race,-14.087738977907382,-4.4142363767217585,0.3,0.1,0.4,0.522514686776657
diabetes-sex,17.696123945371422,16.466771383547506,0.0,0.0,0.9,0.7355422800751854
dutch-sex,-26.26380319029906,-18.221511027317483,0.5666666666666667,0.3333333333333333,0.5666666666666667,0.23771928886223437
law-race,30.889302978746368,30.889302978746368,0.0,0.0,1.0,0.9891502444794453
law-sex,-22.009507901837377,-4.696132596685065,0.4,0.2,0.7,0.7064997897432135
oulad-disability,10.235675052903282,8.413134618719331,0.1,0.1,0.8,0.5834491037722115
oulad-sex,-26.086775071837497,-35.38727444683576,0.5,0.4,0.6,0.2762693821686445
