auc,acc,bal_acc,eo_gap,tpr_gap,fpr_gap,dp_gap,tpr_signed,fpr_signed,worst_tpr,dataset,attr,seed,method,mu,pool_auc,est_eo_lab,nlab,strategy,proxy_auc,lab_minfrac,nlab_actual,true_eo,true_tpr_s,true_fpr_s,est_naive,est_proxy,lab_tpr_s,lab_fpr_s,q_tpr_s,q_fpr_s,param
0.9020240228255757,0.8422222222222222,0.7883699518450563,0.1825116150058942,0.1825116150058942,0.11369859772498928,0.23285849952516618,-0.1825116150058942,-0.11369859772498928,0.5263157894736842,adult,sex,100,erm,0.0,0.8968192928140787,,,,,,,,,,,,,,,,
0.9015789870239976,0.8427777777777777,0.7891151280709541,0.12197489771860481,0.12197489771860481,0.09434698328223186,0.2088002532446977,-0.12197489771860481,-0.09434698328223186,0.5789473684210527,adult,sex,100,oracle,0.3,0.8965753392769851,,,,,,,,,,,,,,,,
0.9007145826019566,0.8433333333333334,0.7898603042968516,0.11445610072612367,0.11445610072612367,0.08124642563856635,0.19740424184868632,-0.11445610072612367,-0.08124642563856635,0.5864661654135338,adult,sex,100,oracle,1.0,0.8964021508880561,,,,,,,,,,,,,,,,
0.897085988368627,0.8433333333333334,0.7898603042968516,0.07911082052958485,0.07911082052958485,0.06874431204038256,0.1822095599873378,-0.07911082052958485,-0.06874431204038256,0.6165413533834586,adult,sex,100,oracle,3.0,0.8943536860727672,,,,,,,,,,,,,,,,
0.8848713080657875,0.8316666666666667,0.7742116035530002,0.051442836339861575,0.051442836339861575,0.026614890003445232,0.13789173789173786,-0.051442836339861575,-0.026614890003445232,0.6165413533834586,adult,sex,100,oracle,10.0,0.8856849554226125,,,,,,,,,,,,,,,,
0.8766077177073743,0.8238888888888889,0.7637791363904326,0.04183383359584736,0.04183383359584736,0.0068633510442761975,0.1163659385881608,-0.04183383359584736,-0.0068633510442761975,0.6090225563909775,adult,sex,100,oracle,30.0,0.8790553783840407,,,,,,,,,,,,,,,,
0.9020323025614192,0.8413888888888889,0.7874401375098529,0.16352145185097133,0.16352145185097133,0.10395613641754195,0.22187401076289964,-0.16352145185097133,-0.10395613641754195,0.5413533834586466,adult,sex,100,proxy_soft,0.3,0.8965613724714261,0.5,25.0,random,0.7867359290914845,0.56,25.0,0.1825116150058942,-0.1825116150058942,-0.11369859772498928,0.5,0.037780201442767905,-0.5,-0.027777777777777776,-0.008473102882769257,-0.037780201442767905,
0.90160424021832,0.8438888888888889,0.7906054805227495,0.10693730373364241,0.10693730373364241,0.09315009519126836,0.20626780626780628,-0.10693730373364241,-0.09315009519126836,0.5939849624060151,adult,sex,100,proxy_soft,1.0,0.8959915268046278,0.5,25.0,random,0.7867359290914845,0.56,25.0,0.1825116150058942,-0.1825116150058942,-0.11369859772498928,0.5,0.037780201442767905,-0.5,-0.027777777777777776,-0.008473102882769257,-0.037780201442767905,
0.900557681607726,0.8422222222222222,0.7883699518450563,0.08556884212907578,0.08531209446541255,0.08556884212907578,0.19613801836024056,-0.08531209446541255,-0.08556884212907578,0.6090225563909775,adult,sex,100,proxy_soft,3.0,0.8952214902581531,0.5,25.0,random,0.7867359290914845,0.56,25.0,0.1825116150058942,-0.1825116150058942,-0.11369859772498928,0.5,0.037780201442767905,-0.5,-0.027777777777777776,-0.008473102882769257,-0.037780201442767905,
0.8978940905869339,0.8427777777777777,0.7891151280709541,0.086629617522066,0.086629617522066,0.07246828448541026,0.1860082304526749,-0.086629617522066,-0.07246828448541026,0.6090225563909775,adult,sex,100,proxy_soft,10.0,0.894172117600503,0.5,25.0,random,0.7867359290914845,0.56,25.0,0.1825116150058942,-0.1825116150058942,-0.11369859772498928,0.5,0.037780201442767905,-0.5,-0.027777777777777776,-0.008473102882769257,-0.037780201442767905,
0.8932090020599983,0.8377777777777777,0.7824085420378749,0.09244455011045394,0.09244455011045394,0.06691493149633518,0.17967711301044637,-0.09244455011045394,-0.06691493149633518,0.5939849624060151,adult,sex,100,proxy_soft,30.0,0.8915957075350917,0.5,25.0,random,0.7867359290914845,0.56,25.0,0.1825116150058942,-0.1825116150058942,-0.11369859772498928,0.5,0.037780201442767905,-0.5,-0.027777777777777776,-0.008473102882769257,-0.037780201442767905,
0.9013873111392255,0.8444444444444444,0.7913506567486471,0.09058218669202645,0.09058218669202645,0.08942612274624069,0.20120291231402343,-0.09058218669202645,-0.08942612274624069,0.6090225563909775,adult,sex,100,proxy_confident,0.3,0.8956712213971461,0.5,25.0,random,0.7867359290914845,0.56,25.0,0.1825116150058942,-0.1825116150058942,-0.11369859772498928,0.5,0.037780201442767905,-0.5,-0.027777777777777776,-0.008473102882769257,-0.037780201442767905,
0.9000936024137086,0.8422222222222222,0.7883699518450563,0.08531209446541255,0.08531209446541255,0.08088054952975687,0.19233934789490345,-0.08531209446541255,-0.08088054952975687,0.6090225563909775,adult,sex,100,proxy_confident,1.0,0.894769896878419,0.5,25.0,random,0.7867359290914845,0.56,25.0,0.1825116150058942,-0.1825116150058942,-0.11369859772498928,0.5,0.037780201442767905,-0.5,-0.027777777777777776,-0.008473102882769257,-0.037780201442767905,
0.8985262484185703,0.8411111111111111,0.786879599393261,0.09151336840124025,0.09151336840124025,0.07270085242208252,0.1860082304526749,-0.09151336840124025,-0.07270085242208252,0.6015037593984962,adult,sex,100,proxy_confident,3.0,0.8940361740263972,0.5,25.0,random,0.7867359290914845,0.56,25.0,0.1825116150058942,-0.1825116150058942,-0.11369859772498928,0.5,0.037780201442767905,-0.5,-0.027777777777777776,-0.008473102882769257,-0.037780201442767905,
0.8947424091381788,0.8383333333333334,0.7831537182637726,0.0937620731671075,0.0937620731671075,0.06944201585039936,0.1822095599873378,-0.0937620731671075,-0.06944201585039936,0.5939849624060151,adult,sex,100,proxy_confident,10.0,0.8918601457203381,0.027777777777777776,25.0,random,0.7867359290914845,0.56,25.0,0.1825116150058942,-0.1825116150058942,-0.11369859772498928,0.5,0.037780201442767905,-0.5,-0.027777777777777776,-0.008473102882769257,-0.037780201442767905,
0.8935190781673302,0.8377777777777777,0.7824085420378749,0.09244455011045394,0.09244455011045394,0.06847769569610813,0.18094333649889205,-0.09244455011045394,-0.06847769569610813,0.5939849624060151,adult,sex,100,proxy_confident,30.0,0.8911310784701693,0.027777777777777776,25.0,random,0.7867359290914845,0.56,25.0,0.1825116150058942,-0.1825116150058942,-0.11369859772498928,0.5,0.037780201442767905,-0.5,-0.027777777777777776,-0.008473102882769257,-0.037780201442767905,
0.8875994810261574,0.8322222222222222,0.774956779778898,0.05102067315433105,0.03508771929824561,0.05102067315433105,0.15561886672997782,-0.03508771929824561,-0.05102067315433105,0.631578947368421,adult,sex,100,related_feats,0.3,0.8920994436555786,0.027777777777777776,25.0,random,0.7867359290914845,0.56,25.0,0.1825116150058942,-0.1825116150058942,-0.11369859772498928,0.5,0.037780201442767905,-0.5,-0.027777777777777776,-0.008473102882769257,-0.037780201442767905,
0.8697032459876402,0.8244444444444444,0.7645243126163304,0.04521184383884613,0.04521184383884613,0.02970636999538903,0.12269705603038936,0.04521184383884613,-0.02970636999538903,0.6389986824769434,adult,sex,100,related_feats,1.0,0.8772415559021393,0.1111111111111111,25.0,random,0.7867359290914845,0.56,25.0,0.1825116150058942,-0.1825116150058942,-0.11369859772498928,0.5,0.037780201442767905,-0.5,-0.027777777777777776,-0.008473102882769257,-0.037780201442767905,
0.8400535119327552,0.8105555555555556,0.745894906968888,0.016537715536519226,0.007459359862105885,0.016537715536519226,0.11003482114593227,0.007459359862105885,-0.016537715536519226,0.616600790513834,adult,sex,100,related_feats,3.0,0.8417472473754044,0.5,25.0,random,0.7867359290914845,0.56,25.0,0.1825116150058942,-0.1825116150058942,-0.11369859772498928,0.5,0.037780201442767905,-0.5,-0.027777777777777776,-0.008473102882769257,-0.037780201442767905,
0.8006904057732942,0.7816666666666666,0.7071457432222082,0.012392641683259487,0.012392641683259487,0.0038994083079268715,0.08724279835390947,-0.012392641683259487,-0.0038994083079268715,0.5488721804511278,adult,sex,100,related_feats,10.0,0.796457552550106,1.0,25.0,random,0.7867359290914845,0.56,25.0,0.1825116150058942,-0.1825116150058942,-0.11369859772498928,0.5,0.037780201442767905,-0.5,-0.027777777777777776,-0.008473102882769257,-0.037780201442767905,
0.7771577405594452,0.7661111111111111,0.6862808088970729,0.02778984861154632,0.01566168385390354,0.02778984861154632,0.049256093700538156,0.01566168385390354,0.02778984861154632,0.525691699604743,adult,sex,100,related_feats,30.0,0.7697157755068788,1.0,25.0,random,0.7867359290914845,0.56,25.0,0.1825116150058942,-0.1825116150058942,-0.11369859772498928,0.5,0.037780201442767905,-0.5,-0.027777777777777776,-0.008473102882769257,-0.037780201442767905,
0.9019076925369772,0.8416666666666667,0.7876247756191586,0.17235777190010593,0.17235777190010593,0.10648322077160617,0.22526115859449192,-0.17235777190010593,-0.10648322077160617,0.5338345864661654,adult,sex,100,proxy_soft,0.3,0.8969384762215136,0.3035714285714286,50.0,random,0.8756557138334917,0.4,50.0,0.1825116150058942,-0.1825116150058942,-0.11369859772498928,0.3035714285714286,0.11540538120269317,-0.3035714285714286,-0.09090909090909091,-0.11540538120269317,-0.10713790721243444,
0.901173693954468,0.8433333333333334,0.7898603042968516,0.15863770097179708,0.15863770097179708,0.10312512443538796,0.2214624881291548,-0.15863770097179708,-0.10312512443538796,0.5488721804511278,adult,sex,100,proxy_soft,1.0,0.8971731185549012,0.3035714285714286,50.0,random,0.8756557138334917,0.4,50.0,0.1825116150058942,-0.1825116150058942,-0.11369859772498928,0.3035714285714286,0.11540538120269317,-0.3035714285714286,-0.09090909090909091,-0.11540538120269317,-0.10713790721243444,
0.8966463343953475,0.8438888888888889,0.7906054805227495,0.15111890397931593,0.15111890397931593,0.09627562359081432,0.21513137068692625,-0.15111890397931593,-0.09627562359081432,0.556390977443609,adult,sex,100,proxy_soft,3.0,0.8950818222025653,0.3035714285714286,50.0,random,0.8756557138334917,0.4,50.0,0.1825116150058942,-0.1825116150058942,-0.11369859772498928,0.3035714285714286,0.11540538120269317,-0.3035714285714286,-0.09090909090909091,-0.11540538120269317,-0.10713790721243444,
0.8818351289320466,0.8316666666666667,0.7742116035530002,0.17515131702774722,0.17515131702774722,0.06099570239845063,0.18347578347578347,-0.17515131702774722,-0.06099570239845063,0.5112781954887218,adult,sex,100,proxy_soft,10.0,0.8843050350334041,0.3035714285714286,50.0,random,0.8756557138334917,0.4,50.0,0.1825116150058942,-0.1825116150058942,-0.11369859772498928,0.3035714285714286,0.11540538120269317,-0.3035714285714286,-0.09090909090909091,-0.11540538120269317,-0.10713790721243444,
0.8731058034324473,0.8227777777777778,0.7622887839386373,0.17174358821956082,0.17174358821956082,0.034627230531380226,0.15688509021842356,-0.17174358821956082,-0.034627230531380226,0.49624060150375937,adult,sex,100,proxy_soft,30.0,0.877113992411369,0.3035714285714286,50.0,random,0.8756557138334917,0.4,50.0,0.1825116150058942,-0.1825116150058942,-0.11369859772498928,0.3035714285714286,0.11540538120269317,-0.3035714285714286,-0.09090909090909091,-0.11540538120269317,-0.10713790721243444,
0.901000233488551,0.8433333333333334,0.7898603042968516,0.1763103410700665,0.1763103410700665,0.11562723803357172,0.23412472301361187,-0.1763103410700665,-0.11562723803357172,0.5338345864661654,adult,sex,100,proxy_confident,0.3,0.897209432249354,0.3035714285714286,50.0,random,0.8756557138334917,0.4,50.0,0.1825116150058942,-0.1825116150058942,-0.11369859772498928,0.3035714285714286,0.11540538120269317,-0.3035714285714286,-0.09090909090909091,-0.11540538120269317,-0.10713790721243444,
0.8948748849116717,0.8422222222222222,0.7883699518450563,0.22669321525156766,0.22669321525156766,0.1074475409258974,0.23412472301361187,-0.22669321525156766,-0.1074475409258974,0.48872180451127817,adult,sex,100,proxy_confident,1.0,0.894223329220885,0.3035714285714286,50.0,random,0.8756557138334917,0.4,50.0,0.1825116150058942,-0.1825116150058942,-0.11369859772498928,0.3035714285714286,0.11540538120269317,-0.3035714285714286,-0.09090909090909091,-0.11540538120269317,-0.10713790721243444,
0.884198993515311,0.8388888888888889,0.7838988944896701,0.25413335710818546,0.25413335710818546,0.08603397800242032,0.21893004115226336,-0.25413335710818546,-0.08603397800242032,0.45864661654135336,adult,sex,100,proxy_confident,3.0,0.8861048907097465,0.44642857142857145,50.0,random,0.8756557138334917,0.4,50.0,0.1825116150058942,-0.1825116150058942,-0.11369859772498928,0.3035714285714286,0.11540538120269317,-0.3035714285714286,-0.09090909090909091,-0.11540538120269317,-0.10713790721243444,
0.8771189913956985,0.8283333333333334,0.7697405461976141,0.31746361952311614,0.31746361952311614,0.07865124446929785,0.21639759417537194,-0.31746361952311614,-0.07865124446929785,0.38345864661654133,adult,sex,100,proxy_confident,10.0,0.8801857585139319,0.5892857142857143,50.0,random,0.8756557138334917,0.4,50.0,0.1825116150058942,-0.1825116150058942,-0.11369859772498928,0.3035714285714286,0.11540538120269317,-0.3035714285714286,-0.09090909090909091,-0.11540538120269317,-0.10713790721243444,
0.8747410512615006,0.8272222222222222,0.7682501937458188,0.3413375335572132,0.3413375335572132,0.08141089676003432,0.2214624881291548,-0.3413375335572132,-0.08141089676003432,0.3609022556390977,adult,sex,100,proxy_confident,30.0,0.8780302148560256,0.5892857142857143,50.0,random,0.8756557138334917,0.4,50.0,0.1825116150058942,-0.1825116150058942,-0.11369859772498928,0.3035714285714286,0.11540538120269317,-0.3035714285714286,-0.09090909090909091,-0.11540538120269317,-0.10713790721243444,
0.8941615856687707,0.8422222222222222,0.7883699518450563,0.12949369471108607,0.12949369471108607,0.08088054952975687,0.198670465337132,-0.12949369471108607,-0.08088054952975687,0.5714285714285714,adult,sex,100,related_feats,0.3,0.8904960543774296,0.3035714285714286,50.0,random,0.8756557138334917,0.4,50.0,0.1825116150058942,-0.1825116150058942,-0.11369859772498928,0.3035714285714286,0.11540538120269317,-0.3035714285714286,-0.09090909090909091,-0.11540538120269317,-0.10713790721243444,
0.88359084691762,0.8305555555555556,0.7727212511012049,0.04880779022655457,0.04880779022655457,0.04343942009213844,0.150553972776195,-0.04880779022655457,-0.04343942009213844,0.6165413533834586,adult,sex,100,related_feats,1.0,0.8794296887730161,0.3035714285714286,50.0,random,0.8756557138334917,0.4,50.0,0.1825116150058942,-0.1825116150058942,-0.11369859772498928,0.3035714285714286,0.11540538120269317,-0.3035714285714286,-0.09090909090909091,-0.11540538120269317,-0.10713790721243444,
0.8676150966079579,0.8255555555555556,0.7660146650681257,0.025383953504879597,0.01044112256926899,0.025383953504879597,0.1277619499841722,-0.01044112256926899,-0.025383953504879597,0.6390977443609023,adult,sex,100,related_feats,3.0,0.8614311320095905,0.3035714285714286,50.0,random,0.8756557138334917,0.4,50.0,0.1825116150058942,-0.1825116150058942,-0.11369859772498928,0.3035714285714286,0.11540538120269317,-0.3035714285714286,-0.09090909090909091,-0.11540538120269317,-0.10713790721243444,
0.8397028651197912,0.8061111111111111,0.7399334971617066,0.017999544315333793,0.017999544315333793,0.008823154302189426,0.09990503323836655,0.017999544315333793,-0.008823154302189426,0.6060606060606061,adult,sex,100,related_feats,10.0,0.8294462161595939,0.0535714285714286,50.0,random,0.8756557138334917,0.4,50.0,0.1825116150058942,-0.1825116150058942,-0.11369859772498928,0.3035714285714286,0.11540538120269317,-0.3035714285714286,-0.09090909090909091,-0.11540538120269317,-0.10713790721243444,
0.8222342784375807,0.7966666666666666,0.7272655013214459,0.0050521560819043465,0.0050521560819043465,0.00024353267810348078,0.08977524533080089,0.0050521560819043465,-0.00024353267810348078,0.5889328063241107,adult,sex,100,related_feats,30.0,0.8107353523126704,0.0535714285714286,50.0,random,0.8756557138334917,0.4,50.0,0.1825116150058942,-0.1825116150058942,-0.11369859772498928,0.3035714285714286,0.11540538120269317,-0.3035714285714286,-0.09090909090909091,-0.11540538120269317,-0.10713790721243444,
0.901516475018381,0.8441666666666666,0.7911660186393413,0.12592746688856526,0.12592746688856526,0.09315009519126836,0.20921177587844253,-0.12592746688856526,-0.09315009519126836,0.5789473684210527,adult,sex,100,proxy_soft,0.3,0.8961013990083568,0.19047619047619047,100.0,random,0.8762980690091801,0.36,100.0,0.1825116150058942,-0.1825116150058942,-0.11369859772498928,0.1428571428571428,0.08887384927855779,0.1428571428571428,-0.10218463706835801,-0.08887384927855779,-0.08721240989201895,
0.9005489878850905,0.8433333333333334,0.7898603042968516,0.08794714057871955,0.08794714057871955,0.08280918983833932,0.19487179487179487,-0.08794714057871955,-0.08280918983833932,0.6090225563909775,adult,sex,100,proxy_soft,1.0,0.8953611583137411,0.19047619047619047,100.0,random,0.8762980690091801,0.36,100.0,0.1825116150058942,-0.1825116150058942,-0.11369859772498928,0.1428571428571428,0.08887384927855779,0.1428571428571428,-0.10218463706835801,-0.08887384927855779,-0.08721240989201895,
0.8987932698995171,0.8422222222222222,0.7883699518450563,0.07619225693043793,0.06763945436714314,0.07619225693043793,0.1860082304526749,-0.06763945436714314,-0.07619225693043793,0.6240601503759399,adult,sex,100,proxy_soft,3.0,0.8945399101468843,0.23809523809523808,100.0,random,0.8762980690091801,0.36,100.0,0.1825116150058942,-0.1825116150058942,-0.11369859772498928,0.1428571428571428,0.08887384927855779,0.1428571428571428,-0.10218463706835801,-0.08887384927855779,-0.08721240989201895,
0.8943176586894171,0.8405555555555555,0.7861344231673633,0.06548547546869941,0.05485056514804798,0.06548547546869941,0.1746122190566635,-0.05485056514804798,-0.06548547546869941,0.631578947368421,adult,sex,100,proxy_soft,10.0,0.8913759631276335,0.5714285714285714,100.0,random,0.8762980690091801,0.36,100.0,0.1825116150058942,-0.1825116150058942,-0.11369859772498928,0.1428571428571428,0.08887384927855779,0.1428571428571428,-0.10218463706835801,-0.08887384927855779,-0.08721240989201895,
0.8907582002503791,0.84,0.7853892469414656,0.056707334315543326,0.053533042091394534,0.056707334315543326,0.16701487812598922,-0.053533042091394534,-0.056707334315543326,0.631578947368421,adult,sex,100,proxy_soft,30.0,0.8884103447473173,0.5714285714285714,100.0,random,0.8762980690091801,0.36,100.0,0.1825116150058942,-0.1825116150058942,-0.11369859772498928,0.1428571428571428,0.08887384927855779,0.1428571428571428,-0.10218463706835801,-0.08887384927855779,-0.08721240989201895,
0.9012726367977957,0.8427777777777777,0.7891151280709541,0.13964753781687422,0.13964753781687422,0.09747251168177781,0.21386514719848052,-0.13964753781687422,-0.09747251168177781,0.5639097744360902,adult,sex,100,proxy_confident,0.3,0.8965055052491909,0.1428571428571428,100.0,random,0.8762980690091801,0.36,100.0,0.1825116150058942,-0.1825116150058942,-0.11369859772498928,0.1428571428571428,0.08887384927855779,0.1428571428571428,-0.10218463706835801,-0.08887384927855779,-0.08721240989201895,
0.8994809019613037,0.8422222222222222,0.7883699518450563,0.13833001476022067,0.13833001476022067,0.0902571347283947,0.20753402975625196,-0.13833001476022067,-0.0902571347283947,0.5639097744360902,adult,sex,100,proxy_confident,1.0,0.8954412346656115,0.1428571428571428,100.0,random,0.8762980690091801,0.36,100.0,0.1825116150058942,-0.1825116150058942,-0.11369859772498928,0.1428571428571428,0.08887384927855779,0.1428571428571428,-0.10218463706835801,-0.08887384927855779,-0.08721240989201895,
0.8969179097310078,0.8433333333333334,0.7898603042968516,0.12329242077525826,0.12329242077525826,0.07968366143879338,0.19740424184868632,-0.12329242077525826,-0.07968366143879338,0.5789473684210527,adult,sex,100,proxy_confident,3.0,0.8935650271188808,0.47619047619047616,100.0,random,0.8762980690091801,0.36,100.0,0.1825116150058942,-0.1825116150058942,-0.11369859772498928,0.1428571428571428,0.08887384927855779,0.1428571428571428,-0.10218463706835801,-0.08887384927855779,-0.08721240989201895,
0.895243333156699,0.8427777777777777,0.7891151280709541,0.11313857766947011,0.11313857766947011,0.07715657708472916,0.19360557138334913,-0.11313857766947011,-0.07715657708472916,0.5864661654135338,adult,sex,100,proxy_confident,10.0,0.8920091249796317,0.5238095238095238,100.0,random,0.8762980690091801,0.36,100.0,0.1825116150058942,-0.1825116150058942,-0.11369859772498928,0.1428571428571428,0.08887384927855779,0.1428571428571428,-0.10218463706835801,-0.08887384927855779,-0.08721240989201895,
0.8946596117797456,0.8422222222222222,0.7883699518450563,0.11182105461281666,0.11182105461281666,0.07775502113021092,0.19360557138334913,-0.11182105461281666,-0.07775502113021092,0.5864661654135338,adult,sex,100,proxy_confident,30.0,0.891484904210992,0.5238095238095238,100.0,random,0.8762980690091801,0.36,100.0,0.1825116150058942,-0.1825116150058942,-0.11369859772498928,0.1428571428571428,0.08887384927855779,0.1428571428571428,-0.10218463706835801,-0.08887384927855779,-0.08721240989201895,
0.8901624732564533,0.8377777777777777,0.7824085420378749,0.08360823006131934,0.08360823006131934,0.06847769569610813,0.17967711301044637,-0.08360823006131934,-0.06847769569610813,0.6015037593984962,adult,sex,100,related_feats,0.3,0.8867790218580509,0.5714285714285714,100.0,random,0.8762980690091801,0.36,100.0,0.1825116150058942,-0.1825116150058942,-0.11369859772498928,0.1428571428571428,0.08887384927855779,0.1428571428571428,-0.10218463706835801,-0.08887384927855779,-0.08721240989201895,
0.876822576852508,0.8266666666666667,0.767505017519921,0.030438122213007984,0.0219124887317107,0.030438122213007984,0.13409306742640076,-0.0219124887317107,-0.030438122213007984,0.631578947368421,adult,sex,100,related_feats,1.0,0.8722554063176516,0.5238095238095238,100.0,random,0.8762980690091801,0.36,100.0,0.1825116150058942,-0.1825116150058942,-0.11369859772498928,0.1428571428571428,0.08887384927855779,0.1428571428571428,-0.10218463706835801,-0.08887384927855779,-0.08721240989201895,
0.8509053477157865,0.8133333333333334,0.7496207880983765,0.021359316307975357,0.0008717445788384293,0.021359316307975357,0.1163659385881608,0.0008717445788384293,-0.021359316307975357,0.6231884057971014,adult,sex,100,related_feats,3.0,0.8430014665145836,0.5714285714285714,100.0,random,0.8762980690091801,0.36,100.0,0.1825116150058942,-0.1825116150058942,-0.11369859772498928,0.1428571428571428,0.08887384927855779,0.1428571428571428,-0.10218463706835801,-0.08887384927855779,-0.08721240989201895,
0.8241634568890714,0.7988888888888889,0.7302462062250367,0.026291024002694452,0.026291024002694452,0.007226341694814314,0.093573915796138,0.026291024002694452,-0.007226341694814314,0.5902503293807642,adult,sex,100,related_feats,10.0,0.8140417607486209,0.5714285714285714,100.0,random,0.8762980690091801,0.36,100.0,0.1825116150058942,-0.1825116150058942,-0.11369859772498928,0.1428571428571428,0.08887384927855779,0.1428571428571428,-0.10218463706835801,-0.08887384927855779,-0.08721240989201895,
0.8126898129442078,0.7944444444444444,0.7242847964178551,0.03683120845592236,0.03683120845592236,0.00048821953951547203,0.08344412788857233,0.03683120845592236,0.00048821953951547203,0.5797101449275363,adult,sex,100,related_feats,30.0,0.8013822481901347,0.23809523809523808,100.0,random,0.8762980690091801,0.36,100.0,0.1825116150058942,-0.1825116150058942,-0.11369859772498928,0.1428571428571428,0.08887384927855779,0.1428571428571428,-0.10218463706835801,-0.08887384927855779,-0.08721240989201895,
0.9017379579521895,0.8441666666666666,0.7911660186393413,0.12592746688856526,0.12592746688856526,0.09158733099149541,0.20794555238999685,-0.12592746688856526,-0.09158733099149541,0.5789473684210527,adult,sex,100,proxy_soft,0.3,0.8961460927861451,0.13690476190476197,200.0,random,0.892487875910098,0.35,200.0,0.1825116150058942,-0.1825116150058942,-0.11369859772498928,0.2797619047619048,0.13176236302681688,-0.2797619047619048,-0.07065427797135115,-0.13176236302681688,-0.10319147619575685,
0.9008375366792298,0.8444444444444444,0.7913506567486471,0.09941850674116126,0.09941850674116126,0.07536124494828393,0.19107312440645777,-0.09941850674116126,-0.07536124494828393,0.6015037593984962,adult,sex,100,proxy_soft,1.0,0.895116273656277,0.13690476190476197,200.0,random,0.892487875910098,0.35,200.0,0.1825116150058942,-0.1825116150058942,-0.11369859772498928,0.2797619047619048,0.13176236302681688,-0.2797619047619048,-0.07065427797135115,-0.13176236302681688,-0.10319147619575685,
0.8989762520616543,0.8438888888888889,0.7906054805227495,0.07159202353710359,0.07159202353710359,0.06814586799490083,0.18094333649889205,-0.07159202353710359,-0.06814586799490083,0.6240601503759399,adult,sex,100,proxy_soft,3.0,0.8940007914523151,0.09523809523809523,200.0,random,0.892487875910098,0.35,200.0,0.1825116150058942,-0.1825116150058942,-0.11369859772498928,0.2797619047619048,0.13176236302681688,-0.2797619047619048,-0.07065427797135115,-0.13176236302681688,-0.10319147619575685,
0.8891047370024707,0.8422222222222222,0.7883699518450563,0.049625265534297414,0.023457854121469723,0.049625265534297414,0.15815131370686925,-0.023457854121469723,-0.049625265534297414,0.6616541353383458,adult,sex,100,proxy_soft,10.0,0.8863339463209106,0.1160714285714286,200.0,random,0.892487875910098,0.35,200.0,0.1825116150058942,-0.1825116150058942,-0.11369859772498928,0.2797619047619048,0.13176236302681688,-0.2797619047619048,-0.07065427797135115,-0.13176236302681688,-0.10319147619575685,
0.8815267087718833,0.8327777777777777,0.7757019560047955,0.03635735131089256,0.0010599621583603502,0.03635735131089256,0.1391579613801836,-0.0010599621583603502,-0.03635735131089256,0.6616541353383458,adult,sex,100,proxy_soft,30.0,0.8794762447915454,0.09523809523809523,200.0,random,0.892487875910098,0.35,200.0,0.1825116150058942,-0.1825116150058942,-0.11369859772498928,0.2797619047619048,0.13176236302681688,-0.2797619047619048,-0.07065427797135115,-0.13176236302681688,-0.10319147619575685,
0.9021283474972015,0.8427777777777777,0.7891151280709541,0.12197489771860481,0.12197489771860481,0.09590974748200484,0.21006647673314338,-0.12197489771860481,-0.09590974748200484,0.5789473684210527,adult,sex,100,proxy_confident,0.3,0.8966488977862613,0.13690476190476197,200.0,random,0.892487875910098,0.35,200.0,0.1825116150058942,-0.1825116150058942,-0.11369859772498928,0.2797619047619048,0.13176236302681688,-0.2797619047619048,-0.07065427797135115,-0.13176236302681688,-0.10319147619575685,
0.8994523368726444,0.8422222222222222,0.7883699518450563,0.12065737466195126,0.12065737466195126,0.08869437052862174,0.20373535929091485,-0.12065737466195126,-0.08869437052862174,0.5789473684210527,adult,sex,100,proxy_confident,1.0,0.8953639516748527,0.13690476190476197,200.0,random,0.892487875910098,0.35,200.0,0.1825116150058942,-0.1825116150058942,-0.11369859772498928,0.2797619047619048,0.13176236302681688,-0.2797619047619048,-0.07065427797135115,-0.13176236302681688,-0.10319147619575685,
0.8989017344390645,0.8433333333333334,0.7898603042968516,0.13212874082439308,0.13212874082439308,0.08593471823788526,0.20373535929091485,-0.13212874082439308,-0.08593471823788526,0.5714285714285714,adult,sex,100,proxy_confident,3.0,0.8949570520729069,0.13690476190476197,200.0,random,0.892487875910098,0.35,200.0,0.1825116150058942,-0.1825116150058942,-0.11369859772498928,0.2797619047619048,0.13176236302681688,-0.2797619047619048,-0.07065427797135115,-0.13176236302681688,-0.10319147619575685,
0.8985067910393387,0.8438888888888889,0.7906054805227495,0.12460994383191182,0.12460994383191182,0.08377350999263053,0.20120291231402343,-0.12460994383191182,-0.08377350999263053,0.5789473684210527,adult,sex,100,proxy_confident,10.0,0.8945259433413255,0.1160714285714286,200.0,random,0.892487875910098,0.35,200.0,0.1825116150058942,-0.1825116150058942,-0.11369859772498928,0.2797619047619048,0.13176236302681688,-0.2797619047619048,-0.07065427797135115,-0.13176236302681688,-0.10319147619575685,
0.8983734872922615,0.8444444444444444,0.7913506567486471,0.12592746688856526,0.12592746688856526,0.0831750659471488,0.20120291231402343,-0.12592746688856526,-0.0831750659471488,0.5789473684210527,adult,sex,100,proxy_confident,30.0,0.894362997276473,0.1160714285714286,200.0,random,0.892487875910098,0.35,200.0,0.1825116150058942,-0.1825116150058942,-0.11369859772498928,0.2797619047619048,0.13176236302681688,-0.2797619047619048,-0.07065427797135115,-0.13176236302681688,-0.10319147619575685,
0.8915733402441528,0.8361111111111111,0.7801730133601817,0.04839432903573179,0.008965100498281364,0.04839432903573179,0.1518201962646407,-0.008965100498281364,-0.04839432903573179,0.6616541353383458,adult,sex,100,related_feats,0.3,0.8868721338951092,0.1160714285714286,200.0,random,0.892487875910098,0.35,200.0,0.1825116150058942,-0.1825116150058942,-0.11369859772498928,0.2797619047619048,0.13176236302681688,-0.2797619047619048,-0.07065427797135115,-0.13176236302681688,-0.10319147619575685,
0.8753338803478812,0.8272222222222222,0.7682501937458188,0.04746054860471327,0.04746054860471327,0.02983967816752625,0.1239632795188351,0.04746054860471327,-0.02983967816752625,0.6442687747035574,adult,sex,100,related_feats,1.0,0.8722516818361694,0.06845238095238093,200.0,random,0.892487875910098,0.35,200.0,0.1825116150058942,-0.1825116150058942,-0.11369859772498928,0.2797619047619048,0.13176236302681688,-0.2797619047619048,-0.07065427797135115,-0.13176236302681688,-0.10319147619575685,
0.8467584420186658,0.8138888888888889,0.7503659643242743,0.01763534386294764,0.01722686162045428,0.01763534386294764,0.11130104463437795,0.01722686162045428,-0.01763534386294764,0.621870882740448,adult,sex,100,related_feats,3.0,0.8409464838567006,0.0892857142857143,200.0,random,0.892487875910098,0.35,200.0,0.1825116150058942,-0.1825116150058942,-0.11369859772498928,0.2797619047619048,0.13176236302681688,-0.2797619047619048,-0.07065427797135115,-0.13176236302681688,-0.10319147619575685,
0.8172536033410389,0.7936111111111112,0.7233549820826516,0.03814873151257592,0.03814873151257592,0.011793445046735768,0.07372586261475153,0.03814873151257592,0.011793445046735768,0.5783926218708827,adult,sex,100,related_feats,10.0,0.8110025838590285,0.17261904761904767,200.0,random,0.892487875910098,0.35,200.0,0.1825116150058942,-0.1825116150058942,-0.11369859772498928,0.2797619047619048,0.13176236302681688,-0.2797619047619048,-0.07065427797135115,-0.13176236302681688,-0.10319147619575685,
0.8021070685760842,0.7794444444444445,0.7041650383186174,0.07240433098556665,0.07240433098556665,0.029650392104924483,0.046723646723646706,0.07240433098556665,0.029650392104924483,0.544137022397892,adult,sex,100,related_feats,30.0,0.795076701040527,0.04897406116918311,200.0,random,0.892487875910098,0.35,200.0,0.1825116150058942,-0.1825116150058942,-0.11369859772498928,0.2797619047619048,0.13176236302681688,-0.2797619047619048,-0.07065427797135115,-0.13176236302681688,-0.10319147619575685,
0.901216334594061,0.8438888888888889,0.7906054805227495,0.12460994383191182,0.12460994383191182,0.09002456679172242,0.20626780626780628,-0.12460994383191182,-0.09002456679172242,0.5789473684210527,adult,sex,100,proxy_soft,0.3,0.8962187201750508,0.06746031746031747,400.0,random,0.916171953149731,0.365,400.0,0.1825116150058942,-0.1825116150058942,-0.11369859772498928,0.09126984126984128,0.1530157320547415,-0.043243243243243246,-0.09126984126984128,-0.1530157320547415,-0.1025106984846949,
0.9000857366646574,0.8416666666666667,0.7876247756191586,0.11050353155616321,0.11050353155616321,0.07835346517569268,0.19360557138334913,-0.11050353155616321,-0.07835346517569268,0.5864661654135338,adult,sex,100,proxy_soft,1.0,0.8957298819804931,0.046031746031746035,400.0,random,0.916171953149731,0.365,400.0,0.1825116150058942,-0.1825116150058942,-0.11369859772498928,0.09126984126984128,0.1530157320547415,-0.043243243243243246,-0.09126984126984128,-0.1530157320547415,-0.1025106984846949,
0.897063219095058,0.84,0.7853892469414656,0.08887832228793335,0.08887832228793335,0.0629583911146352,0.17714466603355494,-0.08887832228793335,-0.0629583911146352,0.6015037593984962,adult,sex,100,proxy_soft,3.0,0.8945296678228079,0.04285714285714286,400.0,random,0.916171953149731,0.365,400.0,0.1825116150058942,-0.1825116150058942,-0.11369859772498928,0.09126984126984128,0.1530157320547415,-0.043243243243243246,-0.09126984126984128,-0.1530157320547415,-0.1025106984846949,
0.8875928572374827,0.8338888888888889,0.777192308456591,0.07438556866474488,0.07438556866474488,0.03516046321992905,0.14928774928774927,-0.07438556866474488,-0.03516046321992905,0.6015037593984962,adult,sex,100,proxy_soft,10.0,0.8877334202379011,0.021428571428571436,400.0,random,0.916171953149731,0.365,400.0,0.1825116150058942,-0.1825116150058942,-0.11369859772498928,0.09126984126984128,0.1530157320547415,-0.043243243243243246,-0.09126984126984128,-0.1530157320547415,-0.1025106984846949,
0.8812050410343709,0.8288888888888889,0.7704857224235119,0.06252786115486353,0.06252786115486353,0.015542232432897221,0.12902817347261789,-0.06252786115486353,-0.015542232432897221,0.6015037593984962,adult,sex,100,proxy_soft,30.0,0.8830610582183013,0.07972972972972969,400.0,random,0.916171953149731,0.365,400.0,0.1825116150058942,-0.1825116150058942,-0.11369859772498928,0.09126984126984128,0.1530157320547415,-0.043243243243243246,-0.09126984126984128,-0.1530157320547415,-0.1025106984846949,
0.9020024955123831,0.8427777777777777,0.7891151280709541,0.15732017791514352,0.15732017791514352,0.10059804008132375,0.21893004115226336,-0.15732017791514352,-0.10059804008132375,0.5488721804511278,adult,sex,100,proxy_confident,0.3,0.8969477874252194,0.06984126984126984,400.0,random,0.916171953149731,0.365,400.0,0.1825116150058942,-0.1825116150058942,-0.11369859772498928,0.09126984126984128,0.1530157320547415,-0.043243243243243246,-0.09126984126984128,-0.1530157320547415,-0.1025106984846949,
0.9011401610243026,0.8422222222222222,0.7883699518450563,0.16483897490762478,0.16483897490762478,0.09650819152748658,0.21639759417537194,-0.16483897490762478,-0.09650819152748658,0.5413533834586466,adult,sex,100,proxy_confident,1.0,0.8957587467119811,0.06190476190476191,400.0,random,0.916171953149731,0.365,400.0,0.1825116150058942,-0.1825116150058942,-0.11369859772498928,0.09126984126984128,0.1530157320547415,-0.043243243243243246,-0.09126984126984128,-0.1530157320547415,-0.1025106984846949,
0.8996456687045856,0.8427777777777777,0.7891151280709541,0.18382913806254775,0.18382913806254775,0.09590974748200484,0.21893004115226336,-0.18382913806254775,-0.09590974748200484,0.5263157894736842,adult,sex,100,proxy_confident,3.0,0.8946637491561722,0.06984126984126984,400.0,random,0.916171953149731,0.365,400.0,0.1825116150058942,-0.1825116150058942,-0.11369859772498928,0.09126984126984128,0.1530157320547415,-0.043243243243243246,-0.09126984126984128,-0.1530157320547415,-0.1025106984846949,
0.898930713514516,0.8422222222222222,0.7883699518450563,0.1825116150058942,0.1825116150058942,0.09181989892816768,0.21513137068692625,-0.1825116150058942,-0.09181989892816768,0.5263157894736842,adult,sex,100,proxy_confident,10.0,0.8939933424893503,0.09324324324324318,400.0,random,0.916171953149731,0.365,400.0,0.1825116150058942,-0.1825116150058942,-0.11369859772498928,0.09126984126984128,0.1530157320547415,-0.043243243243243246,-0.09126984126984128,-0.1530157320547415,-0.1025106984846949,
0.89867528366375,0.8422222222222222,0.7883699518450563,0.17367529495675949,0.17367529495675949,0.09181989892816768,0.21386514719848052,-0.17367529495675949,-0.09181989892816768,0.5338345864661654,adult,sex,100,proxy_confident,30.0,0.8937540445541098,0.09324324324324318,400.0,random,0.916171953149731,0.365,400.0,0.1825116150058942,-0.1825116150058942,-0.11369859772498928,0.09126984126984128,0.1530157320547415,-0.043243243243243246,-0.09126984126984128,-0.1530157320547415,-0.1025106984846949,
0.8899931526584575,0.8388888888888889,0.7838988944896701,0.11275223632203035,0.11275223632203035,0.06728080760514464,0.18347578347578347,-0.11275223632203035,-0.06728080760514464,0.5789473684210527,adult,sex,100,related_feats,0.3,0.8850685537372843,0.1134920634920635,400.0,random,0.916171953149731,0.365,400.0,0.1825116150058942,-0.1825116150058942,-0.11369859772498928,0.09126984126984128,0.1530157320547415,-0.043243243243243246,-0.09126984126984128,-0.1530157320547415,-0.1025106984846949,
0.875648096323135,0.8266666666666667,0.767505017519921,0.048421448879114815,0.048421448879114815,0.033563650612553925,0.1404241848686293,-0.048421448879114815,-0.033563650612553925,0.6090225563909775,adult,sex,100,related_feats,1.0,0.8696668916874228,0.073015873015873,400.0,random,0.916171953149731,0.365,400.0,0.1825116150058942,-0.1825116150058942,-0.11369859772498928,0.09126984126984128,0.1530157320547415,-0.043243243243243246,-0.09126984126984128,-0.1530157320547415,-0.1025106984846949,
0.8511508418835407,0.8172222222222222,0.7548370216796603,0.023421264788694995,0.017187236866870736,0.023421264788694995,0.12269705603038936,-0.017187236866870736,-0.023421264788694995,0.6165413533834586,adult,sex,100,related_feats,3.0,0.8434465420517238,0.07837837837837835,400.0,random,0.916171953149731,0.365,400.0,0.1825116150058942,-0.1825116150058942,-0.11369859772498928,0.09126984126984128,0.1530157320547415,-0.043243243243243246,-0.09126984126984128,-0.1530157320547415,-0.1025106984846949,
0.8228188277881182,0.7961111111111111,0.7265203250955481,0.024042319236827314,0.024042319236827314,0.0007207874761877564,0.08597657486546378,0.024042319236827314,0.0007207874761877564,0.5849802371541502,adult,sex,100,related_feats,10.0,0.8118880793314556,0.031081081081080986,400.0,random,0.916171953149731,0.365,400.0,0.1825116150058942,-0.1825116150058942,-0.11369859772498928,0.09126984126984128,0.1530157320547415,-0.043243243243243246,-0.09126984126984128,-0.1530157320547415,-0.1025106984846949,
0.8048017086062886,0.785,0.7116168005775945,0.05039278036989714,0.05039278036989714,0.01531889796269334,0.06445077556188666,0.05039278036989714,0.01531889796269334,0.5586297760210803,adult,sex,100,related_feats,30.0,0.792621336623292,0.05405405405405406,400.0,random,0.916171953149731,0.365,400.0,0.1825116150058942,-0.1825116150058942,-0.11369859772498928,0.09126984126984128,0.1530157320547415,-0.043243243243243246,-0.09126984126984128,-0.1530157320547415,-0.1025106984846949,
0.9015752611428687,0.845,0.7920958329745448,0.1272449899452187,0.1272449899452187,0.09351597130007785,0.21006647673314338,-0.1272449899452187,-0.09351597130007785,0.5789473684210527,adult,sex,100,proxy_soft,0.3,0.8954868595637703,0.4,25.0,strat_y,0.7885764482431149,0.2916666666666667,24.0,0.1825116150058942,-0.1825116150058942,-0.11369859772498928,0.4,0.13095975132194249,-0.4,0.05714285714285716,-0.13095975132194249,-0.07930905119604423,
0.8997574451384703,0.8416666666666667,0.7876247756191586,0.08399457140875899,0.08399457140875899,0.07991622937546564,0.19107312440645777,-0.08399457140875899,-0.07991622937546564,0.6090225563909775,adult,sex,100,proxy_soft,1.0,0.8930212528224587,0.4,25.0,strat_y,0.7885764482431149,0.2916666666666667,24.0,0.1825116150058942,-0.1825116150058942,-0.11369859772498928,0.4,0.13095975132194249,-0.4,0.05714285714285716,-0.13095975132194249,-0.07930905119604423,
0.8972122543402375,0.8405555555555555,0.7861344231673633,0.06861100386824535,0.06368688519718269,0.06861100386824535,0.17841088952200063,-0.06368688519718269,-0.06861100386824535,0.6240601503759399,adult,sex,100,proxy_soft,3.0,0.8899094485439606,0.4,25.0,strat_y,0.7885764482431149,0.2916666666666667,24.0,0.1825116150058942,-0.1825116150058942,-0.11369859772498928,0.4,0.13095975132194249,-0.4,0.05714285714285716,-0.13095975132194249,-0.07930905119604423,
0.894710532155182,0.8405555555555555,0.7861344231673633,0.06079718286938049,0.03717792504977868,0.06079718286938049,0.16828110161443496,-0.03717792504977868,-0.06079718286938049,0.6466165413533834,adult,sex,100,proxy_soft,10.0,0.8869214832747503,0.4,25.0,strat_y,0.7885764482431149,0.2916666666666667,24.0,0.1825116150058942,-0.1825116150058942,-0.11369859772498928,0.4,0.13095975132194249,-0.4,0.05714285714285716,-0.13095975132194249,-0.07930905119604423,
0.8932222496373475,0.8388888888888889,0.7838988944896701,0.05634145820673386,0.01555271578154882,0.05634145820673386,0.16068376068376067,-0.01555271578154882,-0.05634145820673386,0.6616541353383458,adult,sex,100,proxy_soft,30.0,0.8851812193021253,0.4,25.0,strat_y,0.7885764482431149,0.2916666666666667,24.0,0.1825116150058942,-0.1825116150058942,-0.11369859772498928,0.4,0.13095975132194249,-0.4,0.05714285714285716,-0.13095975132194249,-0.07930905119604423,
0.9021631223877433,0.8433333333333334,0.7898603042968516,0.1851466611192012,0.1851466611192012,0.11875276643311768,0.23792339347894906,-0.1851466611192012,-0.11875276643311768,0.5263157894736842,adult,sex,100,proxy_soft,0.3,0.8969617542307782,0.11403508771929824,50.0,strat_y,0.8749545425767647,0.24,50.0,0.1825116150058942,-0.1825116150058942,-0.11369859772498928,0.11403508771929824,0.05998604621191054,0.08771929824561397,0.11403508771929824,-0.03521722720393794,-0.05998604621191054,
0.9020029094991753,0.8438888888888889,0.7906054805227495,0.18646418417585464,0.18646418417585464,0.12284261498695484,0.24172206394428616,-0.18646418417585464,-0.12284261498695484,0.5263157894736842,adult,sex,100,proxy_soft,1.0,0.8971172513326661,0.11403508771929824,50.0,strat_y,0.8749545425767647,0.24,50.0,0.1825116150058942,-0.1825116150058942,-0.11369859772498928,0.11403508771929824,0.05998604621191054,0.08771929824561397,0.11403508771929824,-0.03521722720393794,-0.05998604621191054,
0.9002339439362528,0.8455555555555555,0.7928410092004425,0.23459835359148867,0.23459835359148867,0.11948451865073663,0.24678695789806904,-0.23459835359148867,-0.11948451865073663,0.48872180451127817,adult,sex,100,proxy_soft,3.0,0.8967624944714728,0.11403508771929824,50.0,strat_y,0.8749545425767647,0.24,50.0,0.1825116150058942,-0.1825116150058942,-0.11369859772498928,0.11403508771929824,0.05998604621191054,0.08771929824561397,0.11403508771929824,-0.03521722720393794,-0.05998604621191054,
0.8926919325565837,0.8394444444444444,0.784644070715568,0.24661456011570426,0.24661456011570426,0.10731423275376017,0.2353909465020576,-0.24661456011570426,-0.10731423275376017,0.46616541353383456,adult,sex,100,proxy_soft,10.0,0.8918852859703439,0.11403508771929824,50.0,strat_y,0.8749545425767647,0.24,50.0,0.1825116150058942,-0.1825116150058942,-0.11369859772498928,0.11403508771929824,0.05998604621191054,0.08771929824561397,0.11403508771929824,-0.03521722720393794,-0.05998604621191054,
0.887909143146697,0.835,0.7786826609083864,0.2625833358098804,0.2625833358098804,0.09803690731965742,0.22779360557138334,-0.2625833358098804,-0.09803690731965742,0.44360902255639095,adult,sex,100,proxy_soft,30.0,0.8878311878768129,0.11403508771929824,50.0,strat_y,0.8749545425767647,0.24,50.0,0.1825116150058942,-0.1825116150058942,-0.11369859772498928,0.11403508771929824,0.05998604621191054,0.08771929824561397,0.11403508771929824,-0.03521722720393794,-0.05998604621191054,
0.900177227745726,0.8422222222222222,0.7883699518450563,0.11182105461281666,0.11182105461281666,0.08400607792930281,0.198670465337132,-0.11182105461281666,-0.08400607792930281,0.5864661654135338,adult,sex,100,proxy_soft,0.3,0.8951302404618358,0.23809523809523814,100.0,strat_y,0.8854783159227604,0.24,100.0,0.1825116150058942,-0.1825116150058942,-0.11369859772498928,0.04779411764705882,0.21253943329923197,-0.0357142857142857,-0.04779411764705882,-0.21253943329923197,-0.1077812054042508,
0.8974954213060786,0.8405555555555555,0.7861344231673633,0.07252320524631739,0.07252320524631739,0.06704823966847237,0.17841088952200063,-0.07252320524631739,-0.06704823966847237,0.6165413533834586,adult,sex,100,proxy_soft,1.0,0.8927046718964594,0.26190476190476186,100.0,strat_y,0.8854783159227604,0.24,100.0,0.1825116150058942,-0.1825116150058942,-0.11369859772498928,0.04779411764705882,0.21253943329923197,-0.0357142857142857,-0.04779411764705882,-0.21253943329923197,-0.1077812054042508,
0.8936705973332626,0.8388888888888889,0.7838988944896701,0.051653165607414925,0.042061675928952824,0.051653165607414925,0.16068376068376067,-0.042061675928952824,-0.051653165607414925,0.6390977443609023,adult,sex,100,proxy_soft,3.0,0.8900509788402897,0.26190476190476186,100.0,strat_y,0.8854783159227604,0.24,100.0,0.1825116150058942,-0.1825116150058942,-0.11369859772498928,0.04779411764705882,0.21253943329923197,-0.0357142857142857,-0.04779411764705882,-0.21253943329923197,-0.1077812054042508,
0.8880908833484578,0.835,0.7786826609083864,0.030838046729419616,0.0025062656641604564,0.030838046729419616,0.1353592909148465,0.0025062656641604564,-0.030838046729419616,0.6666666666666666,adult,sex,100,proxy_soft,10.0,0.8861607579319816,0.26190476190476186,100.0,strat_y,0.8854783159227604,0.24,100.0,0.1825116150058942,-0.1825116150058942,-0.11369859772498928,0.04779411764705882,0.21253943329923197,-0.0357142857142857,-0.04779411764705882,-0.21253943329923197,-0.1077812054042508,
0.8842242467096331,0.8305555555555556,0.7727212511012049,0.021560721295316845,0.004210130068253548,0.021560721295316845,0.12522950300728078,0.004210130068253548,-0.021560721295316845,0.6574440052700923,adult,sex,100,proxy_soft,30.0,0.8832742847831653,0.26190476190476186,100.0,strat_y,0.8854783159227604,0.24,100.0,0.1825116150058942,-0.1825116150058942,-0.11369859772498928,0.04779411764705882,0.21253943329923197,-0.0357142857142857,-0.04779411764705882,-0.21253943329923197,-0.1077812054042508,
0.900920748024455,0.8438888888888889,0.7906054805227495,0.12460994383191182,0.12460994383191182,0.08689903839217648,0.20373535929091485,-0.12460994383191182,-0.08689903839217648,0.5789473684210527,adult,sex,100,proxy_soft,0.3,0.8961190902953979,0.1444444444444445,200.0,strat_y,0.8816193732193732,0.245,200.0,0.1825116150058942,-0.1825116150058942,-0.11369859772498928,0.3777777777777778,0.11684810200763351,-0.3777777777777778,-0.10550651534258093,-0.11684810200763351,-0.10460353807027356,
0.8996022000914082,0.8433333333333334,0.7898603042968516,0.07911082052958485,0.07911082052958485,0.07343260463970148,0.1860082304526749,-0.07911082052958485,-0.07343260463970148,0.6165413533834586,adult,sex,100,proxy_soft,1.0,0.8953360180637352,0.1444444444444445,200.0,strat_y,0.8816193732193732,0.245,200.0,0.1825116150058942,-0.1825116150058942,-0.11369859772498928,0.3777777777777778,0.11684810200763351,-0.3777777777777778,-0.10550651534258093,-0.11684810200763351,-0.10460353807027356,
0.8972904978439569,0.8438888888888889,0.7906054805227495,0.06502033959535487,0.062755703487969,0.06502033959535487,0.17714466603355494,-0.062755703487969,-0.06502033959535487,0.631578947368421,adult,sex,100,proxy_soft,3.0,0.8945268744616962,0.1444444444444445,200.0,strat_y,0.8816193732193732,0.245,200.0,0.1825116150058942,-0.1825116150058942,-0.11369859772498928,0.3777777777777778,0.11684810200763351,-0.3777777777777778,-0.10550651534258093,-0.11684810200763351,-0.10460353807027356,
0.8906389720542356,0.8344444444444444,0.7779374846824887,0.040813075973539184,0.04035781152485962,0.040813075973539184,0.14928774928774927,-0.04035781152485962,-0.040813075973539184,0.631578947368421,adult,sex,100,proxy_soft,10.0,0.8903023813403479,0.03783102143757881,200.0,strat_y,0.8816193732193732,0.245,200.0,0.1825116150058942,-0.1825116150058942,-0.11369859772498928,0.3777777777777778,0.11684810200763351,-0.3777777777777778,-0.10550651534258093,-0.11684810200763351,-0.10460353807027356,
0.8855299610521227,0.8311111111111111,0.7734664273271025,0.03245267318493872,0.03245267318493872,0.02721333404892698,0.1353592909148465,-0.03245267318493872,-0.02721333404892698,0.631578947368421,adult,sex,100,proxy_soft,30.0,0.8868460625247331,0.022222222222222254,200.0,strat_y,0.8816193732193732,0.245,200.0,0.1825116150058942,-0.1825116150058942,-0.11369859772498928,0.3777777777777778,0.11684810200763351,-0.3777777777777778,-0.10550651534258093,-0.11684810200763351,-0.10460353807027356,
0.9009103983546509,0.8422222222222222,0.7883699518450563,0.12065737466195126,0.12065737466195126,0.08869437052862174,0.20373535929091485,-0.12065737466195126,-0.08869437052862174,0.5789473684210527,adult,sex,100,proxy_soft,0.3,0.8958946902860868,0.110989010989011,400.0,strat_y,0.9110094333649887,0.2475,400.0,0.1825116150058942,-0.1825116150058942,-0.11369859772498928,0.14357733413994755,0.12356175961906557,-0.14357733413994755,-0.14065934065934066,-0.12356175961906557,-0.08750055271560585,
0.8997061107762419,0.8427777777777777,0.7891151280709541,0.09546593757120081,0.09546593757120081,0.07246828448541026,0.18727445394112058,-0.09546593757120081,-0.07246828448541026,0.6015037593984962,adult,sex,100,proxy_soft,1.0,0.8951572429525827,0.06813186813186814,400.0,strat_y,0.9110094333649887,0.2475,400.0,0.1825116150058942,-0.1825116150058942,-0.11369859772498928,0.14357733413994755,0.12356175961906557,-0.14357733413994755,-0.14065934065934066,-0.12356175961906557,-0.08750055271560585,
0.8985515016128925,0.8427777777777777,0.7891151280709541,0.06934275608586432,0.06895697742379658,0.06934275608586432,0.18094333649889205,-0.06895697742379658,-0.06934275608586432,0.6240601503759399,adult,sex,100,proxy_soft,3.0,0.8950119881747713,0.052747252747252754,400.0,strat_y,0.9110094333649887,0.2475,400.0,0.1825116150058942,-0.1825116150058942,-0.11369859772498928,0.14357733413994755,0.12356175961906557,-0.14357733413994755,-0.14065934065934066,-0.12356175961906557,-0.08750055271560585,
0.8955633449470427,0.8422222222222222,0.7883699518450563,0.05587632233338932,0.04996681426887373,0.05587632233338932,0.16701487812598922,-0.04996681426887373,-0.05587632233338932,0.6390977443609023,adult,sex,100,proxy_soft,10.0,0.894178635443097,0.07501512401693888,400.0,strat_y,0.9110094333649887,0.2475,400.0,0.1825116150058942,-0.1825116150058942,-0.11369859772498928,0.14357733413994755,0.12356175961906557,-0.14357733413994755,-0.14065934065934066,-0.12356175961906557,-0.08750055271560585,
0.8920548068834412,0.8377777777777777,0.7824085420378749,0.04503623269951358,0.03942662981564582,0.04503623269951358,0.15435264324153214,-0.03942662981564582,-0.04503623269951358,0.6390977443609023,adult,sex,100,proxy_soft,30.0,0.8927139831001653,0.1094978826376285,400.0,strat_y,0.9110094333649887,0.2475,400.0,0.1825116150058942,-0.1825116150058942,-0.11369859772498928,0.14357733413994755,0.12356175961906557,-0.14357733413994755,-0.14065934065934066,-0.12356175961906557,-0.08750055271560585,
0.9003796672870948,0.8438888888888889,0.7906054805227495,0.0981009836845077,0.0981009836845077,0.07595968899376566,0.19107312440645777,-0.0981009836845077,-0.07595968899376566,0.6015037593984962,adult,sex,100,proxy_soft,0.3,0.8947698968784189,0.25,25.0,diverse,0.8703093383982273,0.28,25.0,0.1825116150058942,-0.1825116150058942,-0.11369859772498928,0.2,0.2229882368192383,0.125,-0.2,-0.2229882368192383,-0.16892782659583228,
0.8965287621463727,0.8411111111111111,0.786879599393261,0.04925938942548794,0.04733176815556672,0.04925938942548794,0.16068376068376067,-0.04733176815556672,-0.04925938942548794,0.6390977443609023,adult,sex,100,proxy_soft,1.0,0.890326590469983,0.375,25.0,diverse,0.8703093383982273,0.28,25.0,0.1825116150058942,-0.1825116150058942,-0.11369859772498928,0.2,0.2229882368192383,0.125,-0.2,-0.2229882368192383,-0.16892782659583228,
0.8895000943889885,0.8358333333333333,0.7799883752508759,0.03521649974739216,0.03521649974739216,0.03023960268393787,0.13070591959480848,0.03521649974739216,-0.03023960268393787,0.6640316205533597,adult,sex,100,proxy_soft,3.0,0.8829912241905072,0.375,25.0,diverse,0.8703093383982273,0.28,25.0,0.1825116150058942,-0.1825116150058942,-0.11369859772498928,0.2,0.2229882368192383,0.125,-0.2,-0.2229882368192383,-0.16892782659583228,
0.8666078667426195,0.8177777777777778,0.755582197905558,0.08753108066609205,0.08753108066609205,0.0021814064531543026,0.08724279835390947,0.08753108066609205,0.0021814064531543026,0.619235836627141,adult,sex,100,proxy_soft,10.0,0.862396703833888,0.5,25.0,diverse,0.8703093383982273,0.28,25.0,0.1825116150058942,-0.1825116150058942,-0.11369859772498928,0.2,0.2229882368192383,0.125,-0.2,-0.2229882368192383,-0.16892782659583228,
0.8471968540315689,0.8072222222222222,0.7414238496135019,0.13907297888991255,0.13907297888991255,0.01737796098514162,0.06191832858499524,0.13907297888991255,0.01737796098514162,0.5902503293807642,adult,sex,100,proxy_soft,30.0,0.842615982681161,0.5,25.0,diverse,0.8703093383982273,0.28,25.0,0.1825116150058942,-0.1825116150058942,-0.11369859772498928,0.2,0.2229882368192383,0.125,-0.2,-0.2229882368192383,-0.16892782659583228,
0.9013107235826749,0.8427777777777777,0.7891151280709541,0.11313857766947011,0.11313857766947011,0.0927842190824589,0.20626780626780628,-0.11313857766947011,-0.0927842190824589,0.5864661654135338,adult,sex,100,proxy_soft,0.3,0.8955920761656464,0.2142857142857143,50.0,diverse,0.8655823994935106,0.26,50.0,0.1825116150058942,-0.1825116150058942,-0.11369859772498928,0.2142857142857143,0.16059405528902937,0.2142857142857143,-0.04710144927536232,-0.16059405528902937,-0.10681299674470338,
0.8999449811553213,0.8427777777777777,0.7891151280709541,0.086629617522066,0.086629617522066,0.08184486968404808,0.19360557138334913,-0.086629617522066,-0.08184486968404808,0.6090225563909775,adult,sex,100,proxy_soft,1.0,0.8939346819060032,0.2142857142857143,50.0,diverse,0.8655823994935106,0.26,50.0,0.1825116150058942,-0.1825116150058942,-0.11369859772498928,0.2142857142857143,0.16059405528902937,0.2142857142857143,-0.04710144927536232,-0.16059405528902937,-0.10681299674470338,
0.8967059484934192,0.8433333333333334,0.7898603042968516,0.09678346062785426,0.09678346062785426,0.08124642563856635,0.19487179487179487,-0.09678346062785426,-0.08124642563856635,0.6015037593984962,adult,sex,100,proxy_soft,3.0,0.8906794850904352,0.2142857142857143,50.0,diverse,0.8655823994935106,0.26,50.0,0.1825116150058942,-0.1825116150058942,-0.11369859772498928,0.2142857142857143,0.16059405528902937,0.2142857142857143,-0.04710144927536232,-0.16059405528902937,-0.10681299674470338,
0.8868501649323381,0.8366666666666667,0.7809181895860795,0.08980950399714704,0.08980950399714704,0.08217669738525543,0.19107312440645777,-0.08980950399714704,-0.08217669738525543,0.5939849624060151,adult,sex,100,proxy_soft,10.0,0.880295630717661,0.2142857142857143,50.0,diverse,0.8655823994935106,0.26,50.0,0.1825116150058942,-0.1825116150058942,-0.11369859772498928,0.2142857142857143,0.16059405528902937,0.2142857142857143,-0.04710144927536232,-0.16059405528902937,-0.10681299674470338,
0.8812261543607713,0.8333333333333334,0.7764471322306934,0.11724964585376485,0.11724964585376485,0.07951630485905403,0.19107312440645777,-0.11724964585376485,-0.07951630485905403,0.5639097744360902,adult,sex,100,proxy_soft,30.0,0.8747023906515515,0.2857142857142857,50.0,diverse,0.8655823994935106,0.26,50.0,0.1825116150058942,-0.1825116150058942,-0.11369859772498928,0.2142857142857143,0.16059405528902937,0.2142857142857143,-0.04710144927536232,-0.16059405528902937,-0.10681299674470338,
0.901821583284207,0.8444444444444444,0.7913506567486471,0.13476378693769997,0.13476378693769997,0.09411441534555959,0.21133270022158912,-0.13476378693769997,-0.09411441534555959,0.5714285714285714,adult,sex,100,proxy_soft,0.3,0.8965660280732792,0.34782608695652173,100.0,diverse,0.8668759734093067,0.33,100.0,0.1825116150058942,-0.1825116150058942,-0.11369859772498928,0.30434782608695654,0.12967952485685086,0.30434782608695654,-0.08030303030303029,-0.12967952485685086,-0.10919211709664059,
0.9007601211490948,0.8438888888888889,0.7906054805227495,0.10693730373364241,0.10693730373364241,0.08377350999263053,0.198670465337132,-0.10693730373364241,-0.08377350999263053,0.5939849624060151,adult,sex,100,proxy_soft,1.0,0.8956246653786168,0.34782608695652173,100.0,diverse,0.8668759734093067,0.33,100.0,0.1825116150058942,-0.1825116150058942,-0.11369859772498928,0.30434782608695654,0.12967952485685086,0.30434782608695654,-0.08030303030303029,-0.12967952485685086,-0.10919211709664059,
0.896847945963132,0.8422222222222222,0.7883699518450563,0.10298473456368196,0.10298473456368196,0.07462949273066498,0.189806900918012,-0.10298473456368196,-0.07462949273066498,0.5939849624060151,adult,sex,100,proxy_soft,3.0,0.8925538303964246,0.34782608695652173,100.0,diverse,0.8668759734093067,0.33,100.0,0.1825116150058942,-0.1825116150058942,-0.11369859772498928,0.30434782608695654,0.12967952485685086,0.30434782608695654,-0.08030303030303029,-0.12967952485685086,-0.10919211709664059,
0.8825045455749779,0.8316666666666667,0.7742116035530002,0.1044607566346697,0.1044607566346697,0.06880952339731548,0.17967711301044637,-0.1044607566346697,-0.06880952339731548,0.5714285714285714,adult,sex,100,proxy_soft,10.0,0.8798915244768268,0.34782608695652173,100.0,diverse,0.8668759734093067,0.33,100.0,0.1825116150058942,-0.1825116150058942,-0.11369859772498928,0.30434782608695654,0.12967952485685086,0.30434782608695654,-0.08030303030303029,-0.12967952485685086,-0.10919211709664059,
0.8728793526571328,0.8261111111111111,0.7667598412940234,0.11779448621553879,0.11779448621553879,0.06229185025394918,0.1733459955682178,-0.11779448621553879,-0.06229185025394918,0.5488721804511278,adult,sex,100,proxy_soft,30.0,0.8717516701971649,0.053030303030303025,100.0,diverse,0.8668759734093067,0.33,100.0,0.1825116150058942,-0.1825116150058942,-0.11369859772498928,0.30434782608695654,0.12967952485685086,0.30434782608695654,-0.08030303030303029,-0.12967952485685086,-0.10919211709664059,
0.9019358436388446,0.8438888888888889,0.7906054805227495,0.14228258393018112,0.14228258393018112,0.09627562359081432,0.21386514719848052,-0.14228258393018112,-0.09627562359081432,0.5639097744360902,adult,sex,100,proxy_soft,0.3,0.896915198212249,0.08333333333333337,200.0,diverse,0.888675403608737,0.35,200.0,0.1825116150058942,-0.1825116150058942,-0.11369859772498928,0.11111111111111105,0.10127470579069076,-0.11111111111111105,-0.0719002201027146,-0.10127470579069076,-0.09055346978528833,
0.9013177613581416,0.8455555555555555,0.7928410092004425,0.12856251300187227,0.12856251300187227,0.08666647045550421,0.20500158277936054,-0.12856251300187227,-0.08666647045550421,0.5789473684210527,adult,sex,100,proxy_soft,1.0,0.8970874554808071,0.08333333333333337,200.0,diverse,0.888675403608737,0.35,200.0,0.1825116150058942,-0.1825116150058942,-0.11369859772498928,0.11111111111111105,0.10127470579069076,-0.11111111111111105,-0.0719002201027146,-0.10127470579069076,-0.09055346978528833,
0.8980468517132429,0.8455555555555555,0.7928410092004425,0.11972619295273756,0.11972619295273756,0.08197817785618527,0.19993668882557775,-0.11972619295273756,-0.08197817785618527,0.5864661654135338,adult,sex,100,proxy_soft,3.0,0.8958593077120045,0.05555555555555558,200.0,diverse,0.888675403608737,0.35,200.0,0.1825116150058942,-0.1825116150058942,-0.11369859772498928,0.11111111111111105,0.10127470579069076,-0.11111111111111105,-0.0719002201027146,-0.10127470579069076,-0.09055346978528833,
0.887648745454425,0.835,0.7786826609083864,0.0946932548763213,0.0946932548763213,0.049591217126695286,0.16448243114909783,-0.0946932548763213,-0.049591217126695286,0.5864661654135338,adult,sex,100,proxy_soft,10.0,0.8889606368863335,0.16666666666666674,200.0,diverse,0.888675403608737,0.35,200.0,0.1825116150058942,-0.1825116150058942,-0.11369859772498928,0.11111111111111105,0.10127470579069076,-0.11111111111111105,-0.0719002201027146,-0.10127470579069076,-0.09055346978528833,
0.8813549042531348,0.8316666666666667,0.7742116035530002,0.09562443658553499,0.09562443658553499,0.029740418402991173,0.14675530231085784,-0.09562443658553499,-0.029740418402991173,0.5789473684210527,adult,sex,100,proxy_soft,30.0,0.8843571777741568,0.08333333333333337,200.0,diverse,0.888675403608737,0.35,200.0,0.1825116150058942,-0.1825116150058942,-0.11369859772498928,0.11111111111111105,0.10127470579069076,-0.11111111111111105,-0.0719002201027146,-0.10127470579069076,-0.09055346978528833,
0.9013632999052799,0.8433333333333334,0.7898603042968516,0.12329242077525826,0.12329242077525826,0.09374853923675013,0.2088002532446977,-0.12329242077525826,-0.09374853923675013,0.5789473684210527,adult,sex,100,proxy_soft,0.3,0.8965436811843852,0.21794871794871795,400.0,diverse,0.9167798670465337,0.385,400.0,0.1825116150058942,-0.1825116150058942,-0.11369859772498928,0.2762237762237762,0.14339776845419816,-0.2762237762237762,-0.06926406926406925,-0.14339776845419816,-0.10443103722331659,
0.9001395549476391,0.8433333333333334,0.7898603042968516,0.10561978067698885,0.10561978067698885,0.08280918983833932,0.19740424184868632,-0.10561978067698885,-0.08280918983833932,0.5939849624060151,adult,sex,100,proxy_soft,1.0,0.8963835284806444,0.23076923076923073,400.0,diverse,0.9167798670465337,0.385,400.0,0.1825116150058942,-0.1825116150058942,-0.11369859772498928,0.2762237762237762,0.14339776845419816,-0.2762237762237762,-0.06926406926406925,-0.14339776845419816,-0.10443103722331659,
0.8939384467877937,0.8394444444444444,0.784644070715568,0.07872447918214509,0.07872447918214509,0.06668236355966291,0.17841088952200063,-0.07872447918214509,-0.06668236355966291,0.6090225563909775,adult,sex,100,proxy_soft,3.0,0.8944859051653903,0.21794871794871795,400.0,diverse,0.9167798670465337,0.385,400.0,0.1825116150058942,-0.1825116150058942,-0.11369859772498928,0.2762237762237762,0.14339776845419816,-0.2762237762237762,-0.06926406926406925,-0.14339776845419816,-0.10443103722331659,
0.8817134168151501,0.8294444444444444,0.7712308986494094,0.03733642406411286,0.03733642406411286,0.030571430385145204,0.13789173789173786,-0.03733642406411286,-0.030571430385145204,0.6240601503759399,adult,sex,100,proxy_soft,10.0,0.8851206964780373,0.14685314685314688,400.0,diverse,0.9167798670465337,0.385,400.0,0.1825116150058942,-0.1825116150058942,-0.11369859772498928,0.2762237762237762,0.14339776845419816,-0.2762237762237762,-0.06926406926406925,-0.14339776845419816,-0.10443103722331659,
0.8751268869517986,0.8255555555555556,0.7660146650681257,0.019277442618403806,0.019277442618403806,0.014444604106468792,0.12016460905349793,-0.019277442618403806,-0.014444604106468792,0.631578947368421,adult,sex,100,proxy_soft,30.0,0.8803449800973022,0.08857808857808858,400.0,diverse,0.9167798670465337,0.385,400.0,0.1825116150058942,-0.1825116150058942,-0.11369859772498928,0.2762237762237762,0.14339776845419816,-0.2762237762237762,-0.06926406926406925,-0.14339776845419816,-0.10443103722331659,
0.9003689036304985,0.845,0.7920958329745448,0.20677187038743106,0.20677187038743106,0.1341478404941751,0.25438429882874325,-0.20677187038743106,-0.1341478404941751,0.5112781954887218,adult,sex,100,proxy_soft,0.3,0.8965604413510555,0.5,25.0,uncertainty,0.6763474517252295,0.36,25.0,0.1825116150058942,-0.1825116150058942,-0.11369859772498928,1.0,0.20493761774833852,1.0,0.3035714285714286,0.20493761774833852,0.07765071540270842,
0.8964240234879547,0.8397222222222223,0.7852046088321598,0.2921136834180313,0.2921136834180313,0.14482057354831152,0.2725229503007281,-0.2921136834180313,-0.14482057354831152,0.42857142857142855,adult,sex,100,proxy_soft,1.0,0.8939402686282268,0.5,25.0,uncertainty,0.6763474517252295,0.36,25.0,0.1825116150058942,-0.1825116150058942,-0.11369859772498928,1.0,0.20493761774833852,1.0,0.3035714285714286,0.20493761774833852,0.07765071540270842,
0.8912164836293064,0.8372222222222222,0.781663365811977,0.365052948576976,0.365052948576976,0.16127922752819526,0.294903450459006,-0.365052948576976,-0.16127922752819526,0.3609022556390977,adult,sex,100,proxy_soft,3.0,0.8899504178402664,0.5,25.0,uncertainty,0.6763474517252295,0.36,25.0,0.1825116150058942,-0.1825116150058942,-0.11369859772498928,1.0,0.20493761774833852,1.0,0.3035714285714286,0.20493761774833852,0.07765071540270842,
0.8857791811010061,0.83,0.7719760748753072,0.453960989430097,0.453960989430097,0.1737472927187769,0.3138968027856917,-0.453960989430097,-0.1737472927187769,0.2706766917293233,adult,sex,100,proxy_soft,10.0,0.8855704276170303,0.5,25.0,uncertainty,0.6763474517252295,0.36,25.0,0.1825116150058942,-0.1825116150058942,-0.11369859772498928,1.0,0.20493761774833852,1.0,0.3035714285714286,0.20493761774833852,0.07765071540270842,
0.8824954378655504,0.8261111111111111,0.7667598412940234,0.5065925683774655,0.5065925683774655,0.17793640103714914,0.32276036720481166,-0.5065925683774655,-0.17793640103714914,0.21804511278195488,adult,sex,100,proxy_soft,30.0,0.8828934565515958,0.5,25.0,uncertainty,0.6763474517252295,0.36,25.0,0.1825116150058942,-0.1825116150058942,-0.11369859772498928,1.0,0.20493761774833852,1.0,0.3035714285714286,0.20493761774833852,0.07765071540270842,
0.9008371226924375,0.8433333333333334,0.7898603042968516,0.12329242077525826,0.12329242077525826,0.09218577503697714,0.20753402975625196,-0.12329242077525826,-0.09218577503697714,0.5789473684210527,adult,sex,100,proxy_soft,0.3,0.8964608114714031,0.11111111111111105,50.0,uncertainty,0.8311787274453941,0.4,50.0,0.1825116150058942,-0.1825116150058942,-0.11369859772498928,0.11111111111111105,0.17540311298526068,0.11111111111111105,-0.08403361344537814,-0.17540311298526068,-0.09975709340958269,
0.8987303439071079,0.8411111111111111,0.786879599393261,0.09151336840124025,0.09151336840124025,0.07895190922117441,0.19107312440645777,-0.09151336840124025,-0.07895190922117441,0.6015037593984962,adult,sex,100,proxy_soft,1.0,0.8951935566470354,0.11111111111111105,50.0,uncertainty,0.8311787274453941,0.4,50.0,0.1825116150058942,-0.1825116150058942,-0.11369859772498928,0.11111111111111105,0.17540311298526068,0.11111111111111105,-0.08403361344537814,-0.17540311298526068,-0.09975709340958269,
0.8954118257811104,0.8405555555555555,0.7861344231673633,0.07252320524631739,0.07252320524631739,0.06548547546869941,0.17714466603355494,-0.07252320524631739,-0.06548547546869941,0.6165413533834586,adult,sex,100,proxy_soft,3.0,0.8933946320910635,0.4444444444444444,50.0,uncertainty,0.8311787274453941,0.4,50.0,0.1825116150058942,-0.1825116150058942,-0.11369859772498928,0.11111111111111105,0.17540311298526068,0.11111111111111105,-0.08403361344537814,-0.17540311298526068,-0.09975709340958269,
0.8909536020162813,0.835,0.7786826609083864,0.0480284529269223,0.03283901453237836,0.0480284529269223,0.15435264324153214,-0.03283901453237836,-0.0480284529269223,0.6390977443609023,adult,sex,100,proxy_soft,10.0,0.8907642170441584,0.4444444444444444,50.0,uncertainty,0.8311787274453941,0.4,50.0,0.1825116150058942,-0.1825116150058942,-0.11369859772498928,0.11111111111111105,0.17540311298526068,0.11111111111111105,-0.08403361344537814,-0.17540311298526068,-0.09975709340958269,
0.8881889982182007,0.8316666666666667,0.7742116035530002,0.03442871100231011,0.033770196241592165,0.03442871100231011,0.14169040835707505,-0.033770196241592165,-0.03442871100231011,0.631578947368421,adult,sex,100,proxy_soft,30.0,0.8890416443585745,0.33333333333333337,50.0,uncertainty,0.8311787274453941,0.4,50.0,0.1825116150058942,-0.1825116150058942,-0.11369859772498928,0.11111111111111105,0.17540311298526068,0.11111111111111105,-0.08403361344537814,-0.17540311298526068,-0.09975709340958269,
0.9007915841452994,0.8422222222222222,0.7883699518450563,0.12065737466195126,0.12065737466195126,0.0902571347283947,0.20500158277936054,-0.12065737466195126,-0.0902571347283947,0.5789473684210527,adult,sex,100,proxy_soft,0.3,0.8960753276379805,0.375,100.0,uncertainty,0.8344269705603039,0.47,100.0,0.1825116150058942,-0.1825116150058942,-0.11369859772498928,0.375,0.07127164231604216,0.375,-0.021717171717171718,-0.052377452151605275,-0.07127164231604216,
0.8995694951348271,0.8438888888888889,0.7906054805227495,0.0981009836845077,0.0981009836845077,0.08064798159308459,0.19487179487179487,-0.0981009836845077,-0.08064798159308459,0.6015037593984962,adult,sex,100,proxy_soft,1.0,0.8954645126748761,0.375,100.0,uncertainty,0.8344269705603039,0.47,100.0,0.1825116150058942,-0.1825116150058942,-0.11369859772498928,0.375,0.07127164231604216,0.375,-0.021717171717171718,-0.052377452151605275,-0.07127164231604216,
0.8980129047962854,0.8427777777777777,0.7891151280709541,0.086629617522066,0.086629617522066,0.07715657708472916,0.189806900918012,-0.086629617522066,-0.07715657708472916,0.6090225563909775,adult,sex,100,proxy_soft,3.0,0.8949961591284713,0.375,100.0,uncertainty,0.8344269705603039,0.47,100.0,0.1825116150058942,-0.1825116150058942,-0.11369859772498928,0.375,0.07127164231604216,0.375,-0.021717171717171718,-0.052377452151605275,-0.07127164231604216,
0.8953468298547402,0.8405555555555555,0.7861344231673633,0.07252320524631739,0.07252320524631739,0.06079718286938049,0.1733459955682178,-0.07252320524631739,-0.06079718286938049,0.6165413533834586,adult,sex,100,proxy_soft,10.0,0.8939998603319443,0.375,100.0,uncertainty,0.8344269705603039,0.47,100.0,0.1825116150058942,-0.1825116150058942,-0.11369859772498928,0.375,0.07127164231604216,0.375,-0.021717171717171718,-0.052377452151605275,-0.07127164231604216,
0.8936494840068623,0.8413888888888889,0.7874401375098529,0.06632193131048969,0.06632193131048969,0.05863597462412577,0.17122507122507122,-0.06632193131048969,-0.05863597462412577,0.6240601503759399,adult,sex,100,proxy_soft,30.0,0.893173025442864,0.375,100.0,uncertainty,0.8344269705603039,0.47,100.0,0.1825116150058942,-0.1825116150058942,-0.11369859772498928,0.375,0.07127164231604216,0.375,-0.021717171717171718,-0.052377452151605275,-0.07127164231604216,
0.9009410333772712,0.8444444444444444,0.7913506567486471,0.10825482679029585,0.10825482679029585,0.07692400914805689,0.19360557138334913,-0.10825482679029585,-0.07692400914805689,0.5939849624060151,adult,sex,100,proxy_soft,0.3,0.8950268861007007,0.47619047619047616,200.0,uncertainty,0.8579508705286484,0.485,200.0,0.1825116150058942,-0.1825116150058942,-0.11369859772498928,0.47619047619047616,0.17076728373903638,0.47619047619047616,-0.049864498644986446,-0.17076728373903638,-0.13927093425367065,
0.8988392224334475,0.8438888888888889,0.7906054805227495,0.05876928279626299,0.05391938343883418,0.05876928279626299,0.1708135485913264,-0.05391938343883418,-0.05876928279626299,0.6390977443609023,adult,sex,100,proxy_soft,1.0,0.892278218766731,0.47619047619047616,200.0,uncertainty,0.8579508705286484,0.485,200.0,0.1825116150058942,-0.1825116150058942,-0.11369859772498928,0.47619047619047616,0.17076728373903638,0.47619047619047616,-0.049864498644986446,-0.17076728373903638,-0.13927093425367065,
0.8954466006716522,0.8416666666666667,0.7876247756191586,0.04397265278068728,0.01330401101568146,0.04397265278068728,0.1518201962646407,-0.01330401101568146,-0.04397265278068728,0.6691729323308271,adult,sex,100,proxy_soft,3.0,0.8888731115714985,0.47619047619047616,200.0,uncertainty,0.8579508705286484,0.485,200.0,0.1825116150058942,-0.1825116150058942,-0.11369859772498928,0.47619047619047616,0.17076728373903638,0.47619047619047616,-0.049864498644986446,-0.17076728373903638,-0.13927093425367065,
0.8853552586258288,0.83,0.7719760748753072,0.04247509993784722,0.005527653124907106,0.04247509993784722,0.14169040835707505,0.005527653124907106,-0.04247509993784722,0.6561264822134387,adult,sex,100,proxy_soft,10.0,0.8811308456900766,0.42857142857142855,200.0,uncertainty,0.8579508705286484,0.485,200.0,0.1825116150058942,-0.1825116150058942,-0.11369859772498928,0.47619047619047616,0.17076728373903638,0.47619047619047616,-0.049864498644986446,-0.17076728373903638,-0.13927093425367065,
0.8781920451609911,0.825,0.7652694888422279,0.03505800073305787,0.03505800073305787,0.033796218549226195,0.1277619499841722,0.03505800073305787,-0.033796218549226195,0.6416337285902504,adult,sex,100,proxy_soft,30.0,0.8741902744477291,0.38095238095238093,200.0,uncertainty,0.8579508705286484,0.485,200.0,0.1825116150058942,-0.1825116150058942,-0.11369859772498928,0.47619047619047616,0.17076728373903638,0.47619047619047616,-0.049864498644986446,-0.17076728373903638,-0.13927093425367065,
0.9019176282199891,0.8422222222222222,0.7883699518450563,0.1825116150058942,0.1825116150058942,0.10588477672612441,0.22652738208293766,-0.1825116150058942,-0.10588477672612441,0.5263157894736842,adult,sex,100,proxy_soft,0.3,0.8969645475918898,0.15567765567765562,400.0,uncertainty,0.9079018676796454,0.4475,400.0,0.1825116150058942,-0.1825116150058942,-0.11369859772498928,0.15567765567765562,0.11655705386705739,-0.15567765567765562,-0.06973026973026974,-0.11655705386705739,-0.11506192693883091,
0.9011033161997998,0.8433333333333334,0.7898603042968516,0.16747402102093178,0.16747402102093178,0.10156236023561496,0.2214624881291548,-0.16747402102093178,-0.10156236023561496,0.5413533834586466,adult,sex,100,proxy_soft,1.0,0.8971023534067367,0.08424908424908423,400.0,uncertainty,0.9079018676796454,0.4475,400.0,0.1825116150058942,-0.1825116150058942,-0.11369859772498928,0.15567765567765562,0.11655705386705739,-0.15567765567765562,-0.06973026973026974,-0.11655705386705739,-0.11506192693883091,
0.892990831020527,0.8419444444444445,0.7881853137357505,0.16483897490762478,0.16483897490762478,0.0939811071734224,0.2142766698322254,-0.16483897490762478,-0.0939811071734224,0.5413533834586466,adult,sex,100,proxy_soft,3.0,0.8927353988686887,0.06859806859806859,400.0,uncertainty,0.9079018676796454,0.4475,400.0,0.1825116150058942,-0.1825116150058942,-0.11369859772498928,0.15567765567765562,0.11655705386705739,-0.15567765567765562,-0.06973026973026974,-0.11655705386705739,-0.11506192693883091,
0.8770163226712416,0.8277777777777777,0.7689953699717165,0.17476497568030747,0.17476497568030747,0.04643164031954719,0.16954732510288065,-0.17476497568030747,-0.04643164031954719,0.5037593984962406,adult,sex,100,proxy_soft,10.0,0.8793896505970811,0.046053946053946054,400.0,uncertainty,0.9079018676796454,0.4475,400.0,0.1825116150058942,-0.1825116150058942,-0.11369859772498928,0.15567765567765562,0.11655705386705739,-0.15567765567765562,-0.06973026973026974,-0.11655705386705739,-0.11506192693883091,
0.8687854372694095,0.82,0.7585629028091488,0.173992292985428,0.173992292985428,0.02511733716060517,0.14802152579930358,-0.173992292985428,-0.02511733716060517,0.48872180451127817,adult,sex,100,proxy_soft,30.0,0.8719053050583115,0.05098235098235098,400.0,uncertainty,0.9079018676796454,0.4475,400.0,0.1825116150058942,-0.1825116150058942,-0.11369859772498928,0.15567765567765562,0.11655705386705739,-0.15567765567765562,-0.06973026973026974,-0.11655705386705739,-0.11506192693883091,
0.9018215832842069,0.8433333333333334,0.7898603042968516,0.14980138092266237,0.14980138092266237,0.1062506528349339,0.2227287116176005,-0.14980138092266237,-0.1062506528349339,0.556390977443609,adult,sex,100,proxy_soft,0.3,0.8959449707860985,0.09999999999999998,25.0,minority,0.7814838239949351,0.56,25.0,0.1825116150058942,-0.1825116150058942,-0.11369859772498928,0.16666666666666666,0.10332764742251765,0.09999999999999998,-0.16666666666666666,-0.10332764742251765,-0.08459287771631868,
0.9007505994528752,0.8416666666666667,0.7876247756191586,0.13701249170356722,0.13701249170356722,0.10023216397251428,0.21513137068692625,-0.13701249170356722,-0.10023216397251428,0.5639097744360902,adult,sex,100,proxy_soft,1.0,0.8944589026746435,0.09999999999999998,25.0,minority,0.7814838239949351,0.56,25.0,0.1825116150058942,-0.1825116150058942,-0.11369859772498928,0.16666666666666666,0.10332764742251765,0.09999999999999998,-0.16666666666666666,-0.10332764742251765,-0.08459287771631868,
0.8987121284882527,0.8422222222222222,0.7883699518450563,0.12065737466195126,0.12065737466195126,0.08869437052862174,0.20373535929091485,-0.12065737466195126,-0.08869437052862174,0.5789473684210527,adult,sex,100,proxy_soft,3.0,0.8921506552759608,0.09999999999999998,25.0,minority,0.7814838239949351,0.56,25.0,0.1825116150058942,-0.1825116150058942,-0.11369859772498928,0.16666666666666666,0.10332764742251765,0.09999999999999998,-0.16666666666666666,-0.10332764742251765,-0.08459287771631868,
0.8946662355684204,0.8422222222222222,0.7883699518450563,0.11182105461281666,0.11182105461281666,0.08556884212907578,0.19993668882557775,-0.11182105461281666,-0.08556884212907578,0.5864661654135338,adult,sex,100,proxy_soft,10.0,0.8881291463954003,0.30000000000000004,25.0,minority,0.7814838239949351,0.56,25.0,0.1825116150058942,-0.1825116150058942,-0.11369859772498928,0.16666666666666666,0.10332764742251765,0.09999999999999998,-0.16666666666666666,-0.10332764742251765,-0.08459287771631868,
0.8898817902113652,0.8361111111111111,0.7801730133601817,0.15034622128443642,0.15034622128443642,0.08902619822982905,0.20500158277936054,-0.15034622128443642,-0.08902619822982905,0.5413533834586466,adult,sex,100,proxy_soft,30.0,0.8836402150888056,0.30000000000000004,25.0,minority,0.7814838239949351,0.56,25.0,0.1825116150058942,-0.1825116150058942,-0.11369859772498928,0.16666666666666666,0.10332764742251765,0.09999999999999998,-0.16666666666666666,-0.10332764742251765,-0.08459287771631868,
0.9018489064124898,0.8411111111111111,0.786879599393261,0.1622039287943179,0.1622039287943179,0.1070816648170879,0.22399493510604623,-0.1622039287943179,-0.1070816648170879,0.5413533834586466,adult,sex,100,proxy_soft,0.3,0.8961758886380038,0.8571428571428571,50.0,minority,0.7248377334599557,0.62,50.0,0.1825116150058942,-0.1825116150058942,-0.11369859772498928,0.8571428571428571,0.1149838129452666,-0.8571428571428571,-0.044871794871794865,-0.1149838129452666,-0.05800022863360234,
0.900983260030072,0.8405555555555555,0.7861344231673633,0.10786848544285621,0.10786848544285621,0.09830352366393183,0.2088002532446977,-0.10786848544285621,-0.09830352366393183,0.5864661654135338,adult,sex,100,proxy_soft,1.0,0.8951740031192532,0.8571428571428571,50.0,minority,0.7248377334599557,0.62,50.0,0.1825116150058942,-0.1825116150058942,-0.11369859772498928,0.8571428571428571,0.1149838129452666,-0.8571428571428571,-0.044871794871794865,-0.1149838129452666,-0.05800022863360234,
0.8994088682594671,0.8402777777777778,0.7859497850580575,0.10786848544285621,0.10786848544285621,0.08952538251077574,0.20161443494776832,-0.10786848544285621,-0.08952538251077574,0.5864661654135338,adult,sex,100,proxy_soft,3.0,0.8938797458041388,0.8571428571428571,50.0,minority,0.7248377334599557,0.62,50.0,0.1825116150058942,-0.1825116150058942,-0.11369859772498928,0.8571428571428571,0.1149838129452666,-0.8571428571428571,-0.044871794871794865,-0.1149838129452666,-0.05800022863360234,
0.8974399470759286,0.84,0.7853892469414656,0.09771464233706795,0.09771464233706795,0.0801487973121379,0.19233934789490345,-0.09771464233706795,-0.0801487973121379,0.5939849624060151,adult,sex,100,proxy_soft,10.0,0.8932866221280757,0.657142857142857,50.0,minority,0.7248377334599557,0.62,50.0,0.1825116150058942,-0.1825116150058942,-0.11369859772498928,0.8571428571428571,0.1149838129452666,-0.8571428571428571,-0.044871794871794865,-0.1149838129452666,-0.05800022863360234,
0.8941591017480178,0.835,0.7786826609083864,0.07928373692238175,0.07702061477805189,0.07928373692238175,0.1860082304526749,-0.07702061477805189,-0.07928373692238175,0.6015037593984962,adult,sex,100,proxy_soft,30.0,0.8924839963686304,0.657142857142857,50.0,minority,0.7248377334599557,0.62,50.0,0.1825116150058942,-0.1825116150058942,-0.11369859772498928,0.8571428571428571,0.1149838129452666,-0.8571428571428571,-0.044871794871794865,-0.1149838129452666,-0.05800022863360234,
0.9006603503321831,0.8422222222222222,0.7883699518450563,0.12065737466195126,0.12065737466195126,0.0902571347283947,0.20500158277936054,-0.12065737466195126,-0.0902571347283947,0.5789473684210527,adult,sex,100,proxy_soft,0.3,0.8967494587862845,0.05555555555555555,100.0,minority,0.7824899018676795,0.67,100.0,0.1825116150058942,-0.1825116150058942,-0.11369859772498928,0.19487179487179485,0.2516985003978834,-0.19487179487179485,0.05555555555555555,-0.2516985003978834,-0.12305401749935133,
0.8979888935623398,0.84,0.7853892469414656,0.07120568218966394,0.07120568218966394,0.07077221211350009,0.18094333649889205,-0.07120568218966394,-0.07077221211350009,0.6165413533834586,adult,sex,100,proxy_soft,1.0,0.8953220512581763,0.09259259259259259,100.0,minority,0.7824899018676795,0.67,100.0,0.1825116150058942,-0.1825116150058942,-0.11369859772498928,0.19487179487179485,0.2516985003978834,-0.19487179487179485,0.05555555555555555,-0.2516985003978834,-0.12305401749935133,
0.8947150860098959,0.8411111111111111,0.786879599393261,0.05863597462412577,0.03849544810643213,0.05863597462412577,0.16701487812598922,-0.03849544810643213,-0.05863597462412577,0.6466165413533834,adult,sex,100,proxy_soft,3.0,0.8934551549151517,0.12962962962962962,100.0,minority,0.7824899018676795,0.67,100.0,0.1825116150058942,-0.1825116150058942,-0.11369859772498928,0.19487179487179485,0.2516985003978834,-0.19487179487179485,0.05555555555555555,-0.2516985003978834,-0.12305401749935133,
0.8902821154393892,0.8388888888888889,0.7838988944896701,0.054778694006960865,0.0067163957324140044,0.054778694006960865,0.15815131370686925,-0.0067163957324140044,-0.054778694006960865,0.6691729323308271,adult,sex,100,proxy_soft,10.0,0.8913619963220745,0.14814814814814814,100.0,minority,0.7824899018676795,0.67,100.0,0.1825116150058942,-0.1825116150058942,-0.11369859772498928,0.19487179487179485,0.2516985003978834,-0.19487179487179485,0.05555555555555555,-0.2516985003978834,-0.12305401749935133,
0.8864962062250367,0.835,0.7786826609083864,0.04334016032760339,0.0025062656641604564,0.04334016032760339,0.14548907882241216,0.0025062656641604564,-0.04334016032760339,0.6666666666666666,adult,sex,100,proxy_soft,30.0,0.8894094369049559,0.12962962962962962,100.0,minority,0.7824899018676795,0.67,100.0,0.1825116150058942,-0.1825116150058942,-0.11369859772498928,0.19487179487179485,0.2516985003978834,-0.19487179487179485,0.05555555555555555,-0.2516985003978834,-0.12305401749935133,
0.9010826168601919,0.8438888888888889,0.7906054805227495,0.12460994383191182,0.12460994383191182,0.08846180259194947,0.20500158277936054,-0.12460994383191182,-0.08846180259194947,0.5789473684210527,adult,sex,100,proxy_soft,0.3,0.8961535417491096,0.4900221729490022,200.0,minority,0.8716032921810698,0.705,200.0,0.1825116150058942,-0.1825116150058942,-0.11369859772498928,0.3924611973392461,0.1549143045070509,0.3924611973392461,0.11833333333333335,-0.1549143045070509,-0.09488227629867338,
0.899648566612131,0.8416666666666667,0.7876247756191586,0.08399457140875899,0.08399457140875899,0.07053964417682781,0.18347578347578347,-0.08399457140875899,-0.07053964417682781,0.6090225563909775,adult,sex,100,proxy_soft,1.0,0.8952550105914941,0.5144124168514412,200.0,minority,0.8716032921810698,0.705,200.0,0.1825116150058942,-0.1825116150058942,-0.11369859772498928,0.3924611973392461,0.1549143045070509,0.3924611973392461,0.11833333333333335,-0.1549143045070509,-0.09488227629867338,
0.8974353932212147,0.8411111111111111,0.786879599393261,0.05863597462412577,0.04733176815556672,0.05863597462412577,0.16828110161443496,-0.04733176815556672,-0.05863597462412577,0.6390977443609023,adult,sex,100,proxy_soft,3.0,0.8947447566284132,0.5388026607538803,200.0,minority,0.8716032921810698,0.705,200.0,0.1825116150058942,-0.1825116150058942,-0.11369859772498928,0.3924611973392461,0.1549143045070509,0.3924611973392461,0.11833333333333335,-0.1549143045070509,-0.09488227629867338,
0.8918411896986839,0.8355555555555556,0.779427837134284,0.05182917768730122,0.05182917768730122,0.041178952082348674,0.1518201962646407,-0.05182917768730122,-0.041178952082348674,0.6240601503759399,adult,sex,100,proxy_soft,10.0,0.8919150818222025,0.42350332594235035,200.0,minority,0.8716032921810698,0.705,200.0,0.1825116150058942,-0.1825116150058942,-0.11369859772498928,0.3924611973392461,0.1549143045070509,0.3924611973392461,0.11833333333333335,-0.1549143045070509,-0.09488227629867338,
0.8867152052380921,0.8305555555555556,0.7727212511012049,0.057644110275689164,0.057644110275689164,0.027811778094408726,0.1391579613801836,-0.057644110275689164,-0.027811778094408726,0.6090225563909775,adult,sex,100,proxy_soft,30.0,0.8886654717288578,0.37472283813747226,200.0,minority,0.8716032921810698,0.705,200.0,0.1825116150058942,-0.1825116150058942,-0.11369859772498928,0.3924611973392461,0.1549143045070509,0.3924611973392461,0.11833333333333335,-0.1549143045070509,-0.09488227629867338,
0.9012465556298892,0.8433333333333334,0.7898603042968516,0.12329242077525826,0.12329242077525826,0.09374853923675013,0.2088002532446977,-0.12329242077525826,-0.09374853923675013,0.5789473684210527,adult,sex,100,proxy_soft,0.3,0.8960781209990922,0.06508205998868133,400.0,minority,0.8923993668882559,0.715,400.0,0.1825116150058942,-0.1825116150058942,-0.11369859772498928,0.02983111485242279,0.08967996867645767,0.02716468590831911,-0.02983111485242279,-0.08967996867645767,-0.08188475731885161,
0.9004218939398958,0.8433333333333334,0.7898603042968516,0.11445610072612367,0.11445610072612367,0.08437195403811229,0.19993668882557775,-0.11445610072612367,-0.08437195403811229,0.5864661654135338,adult,sex,100,proxy_soft,1.0,0.8954589259526526,0.032823995472552325,400.0,minority,0.8923993668882559,0.715,400.0,0.1825116150058942,-0.1825116150058942,-0.11369859772498928,0.02983111485242279,0.08967996867645767,0.02716468590831911,-0.02983111485242279,-0.08967996867645767,-0.08188475731885161,
0.8992221602162005,0.8427777777777777,0.7891151280709541,0.09546593757120081,0.09546593757120081,0.07715657708472916,0.19107312440645777,-0.09546593757120081,-0.07715657708472916,0.6015037593984962,adult,sex,100,proxy_soft,3.0,0.8946507134709841,0.06791171477079794,400.0,minority,0.8923993668882559,0.715,400.0,0.1825116150058942,-0.1825116150058942,-0.11369859772498928,0.02983111485242279,0.08967996867645767,0.02716468590831911,-0.02983111485242279,-0.08967996867645767,-0.08188475731885161,
0.8950553831530559,0.8411111111111111,0.786879599393261,0.09151336840124025,0.09151336840124025,0.0633242672234447,0.17841088952200063,-0.09151336840124025,-0.0633242672234447,0.6015037593984962,adult,sex,100,proxy_soft,10.0,0.8911329407109106,0.08262591963780419,400.0,minority,0.8923993668882559,0.715,400.0,0.1825116150058942,-0.1825116150058942,-0.11369859772498928,0.02983111485242279,0.08967996867645767,0.02716468590831911,-0.02983111485242279,-0.08967996867645767,-0.08188475731885161,
0.8914528700876329,0.8388888888888889,0.7838988944896701,0.059734316027222234,0.059734316027222234,0.05009040140764197,0.1619499841722064,-0.059734316027222234,-0.05009040140764197,0.6240601503759399,adult,sex,100,proxy_soft,30.0,0.8880090318675946,0.08262591963780419,400.0,minority,0.8923993668882559,0.715,400.0,0.1825116150058942,-0.1825116150058942,-0.11369859772498928,0.02983111485242279,0.08967996867645767,0.02716468590831911,-0.02983111485242279,-0.08967996867645767,-0.08188475731885161,
0.9002919020871558,0.8427777777777777,0.7891151280709541,0.21033809820995175,0.21033809820995175,0.12872779567723727,0.24931940487496046,-0.21033809820995175,-0.12872779567723727,0.5037593984962406,adult,sex,100,proxy_soft,0.3,0.8949775367210595,0.6666666666666667,25.0,random_mnar,0.7943770180436847,0.32,,,,,,,,,,,
0.8943528475667513,0.8361111111111111,0.7801730133601817,0.30056366211972624,0.30056366211972624,0.14059741682233712,0.2683127572016461,-0.30056366211972624,-0.14059741682233712,0.41353383458646614,adult,sex,100,proxy_soft,1.0,0.8904373937940828,0.6666666666666667,25.0,random_mnar,0.7943770180436847,0.32,,,,,,,,,,,
0.8808204473044492,0.8322222222222222,0.774956779778898,0.3001773207722864,0.3001773207722864,0.11978229794434182,0.24931940487496046,-0.3001773207722864,-0.11978229794434182,0.40601503759398494,adult,sex,100,proxy_soft,3.0,0.8811355012919295,0.6666666666666667,25.0,random_mnar,0.7943770180436847,0.32,,,,,,,,,,,
0.8640672297991004,0.8211111111111111,0.7600532552609441,0.3091721398357554,0.3091721398357554,0.09893313065874434,0.22779360557138334,-0.3091721398357554,-0.09893313065874434,0.37593984962406013,adult,sex,100,proxy_soft,10.0,0.8681966526222676,0.6666666666666667,25.0,random_mnar,0.7943770180436847,0.32,,,,,,,,,,,
0.856841918315438,0.8161111111111111,0.7533466692278649,0.3061507523750087,0.3061507523750087,0.09650530606921522,0.2227287116176005,-0.3061507523750087,-0.09650530606921522,0.3684210526315789,adult,sex,100,proxy_soft,30.0,0.862298005074606,0.6666666666666667,25.0,random_mnar,0.7943770180436847,0.32,,,,,,,,,,,
0.9017921902219631,0.8433333333333334,0.7898603042968516,0.12329242077525826,0.12329242077525826,0.09374853923675013,0.2088002532446977,-0.12329242077525826,-0.09374853923675013,0.5789473684210527,adult,sex,100,proxy_soft,0.3,0.8964598803510325,0.09090909090909094,50.0,random_mnar,0.8350462804685026,0.2,,,,,,,,,,,
0.901258561246862,0.8444444444444444,0.7913506567486471,0.12592746688856526,0.12592746688856526,0.08942612274624069,0.20626780626780628,-0.12592746688856526,-0.08942612274624069,0.5789473684210527,adult,sex,100,proxy_soft,1.0,0.8959049326101631,0.09090909090909094,50.0,random_mnar,0.8350462804685026,0.2,,,,,,,,,,,
0.9006057040756171,0.8444444444444444,0.7913506567486471,0.10825482679029585,0.10825482679029585,0.08473783014692177,0.19993668882557775,-0.10825482679029585,-0.08473783014692177,0.5939849624060151,adult,sex,100,proxy_soft,3.0,0.895707535091599,0.09090909090909094,50.0,random_mnar,0.8350462804685026,0.2,,,,,,,,,,,
0.899911862211948,0.8422222222222222,0.7883699518450563,0.09414841451454725,0.09414841451454725,0.08400607792930281,0.19613801836024056,-0.09414841451454725,-0.08400607792930281,0.6015037593984962,adult,sex,100,proxy_soft,10.0,0.8955734537582345,0.09090909090909094,50.0,random_mnar,0.8350462804685026,0.2,,,,,,,,,,,
0.8994117661670122,0.8422222222222222,0.7883699518450563,0.09414841451454725,0.09414841451454725,0.08244331372952984,0.19487179487179487,-0.09414841451454725,-0.08244331372952984,0.6015037593984962,adult,sex,100,proxy_soft,30.0,0.8954365790637586,0.09090909090909094,50.0,random_mnar,0.8350462804685026,0.2,,,,,,,,,,,
0.901489151890098,0.8438888888888889,0.7906054805227495,0.12460994383191182,0.12460994383191182,0.09158733099149541,0.20753402975625196,-0.12460994383191182,-0.09158733099149541,0.5789473684210527,adult,sex,100,proxy_soft,0.3,0.8960557741101981,0.17741935483870963,100.0,random_mnar,0.8329297879075654,0.15,,,,,,,,,,,
0.9009344095885964,0.8455555555555555,0.7928410092004425,0.11972619295273756,0.11972619295273756,0.08354094205595827,0.20120291231402343,-0.11972619295273756,-0.08354094205595827,0.5864661654135338,adult,sex,100,proxy_soft,1.0,0.895475686119323,0.17741935483870963,100.0,random_mnar,0.8329297879075654,0.15,,,,,,,,,,,
0.9005953544058131,0.845,0.7920958329745448,0.10073602979781471,0.10073602979781471,0.08257662190166704,0.19740424184868632,-0.10073602979781471,-0.08257662190166704,0.6015037593984962,adult,sex,100,proxy_soft,3.0,0.8951153425359063,0.17741935483870963,100.0,random_mnar,0.8329297879075654,0.15,,,,,,,,,,,
0.8995475538348425,0.8433333333333334,0.7898603042968516,0.09678346062785426,0.09678346062785426,0.08124642563856635,0.19487179487179487,-0.09678346062785426,-0.08124642563856635,0.6015037593984962,adult,sex,100,proxy_soft,10.0,0.894137666146791,0.17741935483870963,100.0,random_mnar,0.8329297879075654,0.15,,,,,,,,,,,
0.8985080329997153,0.8422222222222222,0.7883699518450563,0.10298473456368196,0.10298473456368196,0.07775502113021092,0.19233934789490345,-0.10298473456368196,-0.07775502113021092,0.5939849624060151,adult,sex,100,proxy_soft,30.0,0.8931050536558114,0.17741935483870963,100.0,random_mnar,0.8329297879075654,0.15,,,,,,,,,,,
0.9015351044240284,0.8433333333333334,0.7898603042968516,0.12329242077525826,0.12329242077525826,0.09218577503697714,0.20753402975625196,-0.12329242077525826,-0.09218577503697714,0.5789473684210527,adult,sex,100,proxy_soft,0.3,0.8962485160269096,0.41025641025641024,200.0,random_mnar,0.8803874643874644,0.125,,,,,,,,,,,
0.9011293973677064,0.845,0.7920958329745448,0.1272449899452187,0.1272449899452187,0.08882767870075893,0.20626780626780628,-0.1272449899452187,-0.08882767870075893,0.5789473684210527,adult,sex,100,proxy_soft,1.0,0.8958313741008869,0.41025641025641024,200.0,random_mnar,0.8803874643874644,0.125,,,,,,,,,,,
0.9003668336965378,0.8438888888888889,0.7906054805227495,0.089264663635373,0.089264663635373,0.08689903839217648,0.198670465337132,-0.089264663635373,-0.08689903839217648,0.6090225563909775,adult,sex,100,proxy_soft,3.0,0.8955092064526642,0.41025641025641024,200.0,random_mnar,0.8803874643874644,0.125,,,,,,,,,,,
0.897050799491293,0.8422222222222222,0.7883699518450563,0.08531209446541255,0.08531209446541255,0.073066728530892,0.1860082304526749,-0.08531209446541255,-0.073066728530892,0.6090225563909775,adult,sex,100,proxy_soft,10.0,0.8930342885076468,0.41025641025641024,200.0,random_mnar,0.8803874643874644,0.125,,,,,,,,,,,
0.8936577637427056,0.8411111111111111,0.786879599393261,0.08267704835210554,0.08267704835210554,0.07270085242208252,0.18474200696422916,-0.08267704835210554,-0.07270085242208252,0.6090225563909775,adult,sex,100,proxy_soft,30.0,0.8904625340440886,0.4358974358974359,200.0,random_mnar,0.8803874643874644,0.125,,,,,,,,,,,
0.9016477088314974,0.8416666666666667,0.7876247756191586,0.14584881175270192,0.14584881175270192,0.0986693997727413,0.21513137068692625,-0.14584881175270192,-0.0986693997727413,0.556390977443609,adult,sex,100,proxy_soft,0.3,0.8968174305733374,0.12043010752688177,400.0,random_mnar,0.900661475150364,0.1475,,,,,,,,,,,
0.901268910916666,0.8433333333333334,0.7898603042968516,0.12329242077525826,0.12329242077525826,0.09218577503697714,0.20753402975625196,-0.12329242077525826,-0.09218577503697714,0.5789473684210527,adult,sex,100,proxy_soft,1.0,0.8969431318233664,0.10967741935483877,400.0,random_mnar,0.900661475150364,0.1475,,,,,,,,,,,
0.9001370710268859,0.8444444444444444,0.7913506567486471,0.12592746688856526,0.12592746688856526,0.0878633585464677,0.20500158277936054,-0.12592746688856526,-0.0878633585464677,0.5789473684210527,adult,sex,100,proxy_soft,3.0,0.8970623152308015,0.09892473118279577,400.0,random_mnar,0.900661475150364,0.1475,,,,,,,,,,,
0.8972176361685356,0.8438888888888889,0.7906054805227495,0.15111890397931593,0.15111890397931593,0.08377350999263053,0.20500158277936054,-0.15111890397931593,-0.08377350999263053,0.556390977443609,adult,sex,100,proxy_soft,10.0,0.8960967434065038,0.09892473118279577,400.0,random_mnar,0.900661475150364,0.1475,,,,,,,,,,,
0.8951820631114584,0.8427777777777777,0.7891151280709541,0.13964753781687422,0.13964753781687422,0.08340763388382108,0.20246913580246917,-0.13964753781687422,-0.08340763388382108,0.5639097744360902,adult,sex,100,proxy_soft,30.0,0.8949812612025421,0.08817204301075277,400.0,random_mnar,0.900661475150364,0.1475,,,,,,,,,,,
0.900520008809639,0.8433333333333334,0.7898603042968516,0.1851466611192012,0.1851466611192012,0.11875276643311768,0.23792339347894906,-0.1851466611192012,-0.11875276643311768,0.5263157894736842,adult,sex,100,jtt,1.0,0.8952773574803884,,,,,,,,,,,,,,,,1.5
0.8983639655960416,0.8438888888888889,0.7906054805227495,0.17762786412671994,0.17762786412671994,0.12284261498695484,0.24045584045584048,-0.17762786412671994,-0.12284261498695484,0.5338345864661654,adult,sex,100,jtt,2.0,0.8927409855909121,,,,,,,,,,,,,,,,2.0
0.892039075385339,0.8377777777777777,0.7824085420378749,0.1896440706509357,0.1896440706509357,0.13567655628634595,0.24931940487496046,-0.1896440706509357,-0.13567655628634595,0.5112781954887218,adult,sex,100,jtt,3.0,0.8854484508484836,,,,,,,,,,,,,,,,3.0
0.866486154625723,0.8116666666666666,0.7473852594206833,0.25142896767610734,0.25142896767610734,0.17786830422194483,0.2784425451092118,-0.25142896767610734,-0.17786830422194483,0.40601503759398494,adult,sex,100,jtt,4.0,0.8582615982681161,,,,,,,,,,,,,,,,5.0
0.902990681985282,0.845,0.7920958329745448,0.18909923028916165,0.18909923028916165,0.11070637749758053,0.23285849952516618,-0.18909923028916165,-0.11070637749758053,0.5263157894736842,adult,sex,100,cvar,1.0,0.8969589608696665,,,,,,,,,,,,,,,,0.5
0.9012370339336695,0.8416666666666667,0.7876247756191586,0.18119409194924074,0.18119409194924074,0.115859805970244,0.23412472301361187,-0.18119409194924074,-0.115859805970244,0.5263157894736842,adult,sex,100,cvar,2.0,0.8952121790544474,,,,,,,,,,,,,,,,0.2
0.90017225990422,0.8405555555555555,0.7861344231673633,0.16972272578679903,0.16972272578679903,0.1170566940612075,0.23285849952516618,-0.16972272578679903,-0.1170566940612075,0.5338345864661654,adult,sex,100,cvar,3.0,0.8933154868595637,,,,,,,,,,,,,,,,0.1
0.9003295748852428,0.8405555555555555,0.7861344231673633,0.18739536588506833,0.18739536588506833,0.11236840146188856,0.23159227603672045,-0.18739536588506833,-0.11236840146188856,0.518796992481203,adult,sex,100,arl,1.0,0.8955492446285994,,,,,,,,,,,,,,,,0.05
0.9000037672798087,0.8422222222222222,0.7883699518450563,0.1913479350550289,0.1913479350550289,0.1121358335252163,0.23285849952516618,-0.1913479350550289,-0.1121358335252163,0.518796992481203,adult,sex,100,arl,2.0,0.8970865243604368,,,,,,,,,,,,,,,,0.2
0.899283844248233,0.8427777777777777,0.7891151280709541,0.19266545811168234,0.19266545811168234,0.11310015367950751,0.23412472301361187,-0.19266545811168234,-0.11310015367950751,0.518796992481203,adult,sex,100,arl,3.0,0.8958518587490397,,,,,,,,,,,,,,,,0.5
0.9009497270999066,0.8436111111111111,0.7904208424134437,0.15111890397931593,0.15111890397931593,0.10468788863516092,0.22187401076289964,-0.15111890397931593,-0.10468788863516092,0.556390977443609,adult,sex,100,cluster_rw,1.0,0.8952792197211296,,,,,,,,,,,,,,,,0.25
0.8937658142954608,0.8394444444444444,0.784644070715568,0.0729334203587548,0.06105183908387568,0.0729334203587548,0.18094333649889205,-0.06105183908387568,-0.0729334203587548,0.6240601503759399,adult,sex,100,cluster_rw,2.0,0.8881803580157824,,,,,,,,,,,,,,,,0.5
0.8494982066092164,0.8016666666666666,0.7339720873545251,0.055048688915965815,0.055048688915965815,0.003579699531459285,0.0821779044001266,0.055048688915965815,0.003579699531459285,0.5915678524374176,adult,sex,100,cluster_rw,3.0,0.8487101655066458,,,,,,,,,,,,,,,,1.0
